id,attendance,xgboost_prediction,fold
9190,20916,26452.091796875,3.0
9191,14277,15199.6240234375,4.0
9192,22531,25664.482421875,4.0
9193,28564,26532.091796875,3.0
9194,17199,15204.3935546875,3.0
9195,13085,38824.7109375,4.0
9196,17444,14625.6318359375,3.0
9197,17564,14658.908203125,5.0
9198,23607,23628.173828125,1.0
9205,12040,16026.142578125,1.0
9204,7921,11003.70703125,2.0
9203,22454,25701.427734375,1.0
9200,11896,11994.22265625,5.0
9201,40266,32601.798828125,4.0
9199,56512,45320.26953125,2.0
9202,13054,19882.8046875,2.0
9206,17043,15107.7353515625,5.0
9207,30561,28371.947265625,1.0
9213,22651,17928.138671875,1.0
9216,8388,11631.3974609375,1.0
9214,8567,13706.2021484375,5.0
9212,9082,10395.84765625,1.0
9215,19307,20220.21484375,2.0
9210,16742,15722.0771484375,5.0
9209,10560,6898.81201171875,1.0
9208,19011,20659.025390625,1.0
9211,9368,21015.06640625,4.0
9217,14815,10776.908203125,5.0
9218,8585,10953.2685546875,3.0
9219,43815,38333.4140625,3.0
9220,37585,31625.572265625,4.0
9221,12114,16057.7255859375,4.0
9222,17341,17598.916015625,3.0
9223,14191,16085.9453125,2.0
9224,5556,9255.2802734375,1.0
9232,16546,14706.4794921875,1.0
9231,8604,11405.75,5.0
9230,50572,30845.82421875,2.0
9229,13067,15978.25,3.0
9226,7354,7568.755859375,1.0
9227,11835,10836.224609375,5.0
9228,9442,14480.4599609375,4.0
9233,11878,11296.51171875,5.0
9234,17033,22219.814453125,1.0
9225,9019,7935.53466796875,5.0
9235,20977,30151.380859375,4.0
9236,6282,15566.951171875,5.0
9237,10661,14766.7197265625,3.0
9242,17406,15997.4521484375,2.0
9243,44625,42277.1875,4.0
9241,34071,28750.5703125,4.0
9240,10316,13641.625,5.0
9239,11747,16636.53515625,2.0
9238,3670,7453.22802734375,5.0
9244,14599,10926.8271484375,5.0
9245,8370,11430.732421875,1.0
9246,8770,9698.3017578125,2.0
9247,15311,14982.923828125,4.0
9248,7418,12153.2548828125,3.0
9249,24214,24628.298828125,1.0
9250,17967,15682.7978515625,2.0
9251,10039,11890.6884765625,1.0
9252,21545,18151.955078125,4.0
9259,28885,29753.80078125,5.0
9258,21190,28162.4765625,1.0
9257,39322,33493.74609375,3.0
9253,12361,14189.310546875,4.0
9255,10421,15123.271484375,4.0
9254,40657,37478.46875,3.0
9256,15138,15156.4990234375,1.0
9260,11149,15030.853515625,4.0
9261,11788,11553.9248046875,1.0
9267,6794,7672.39501953125,4.0
9268,23406,31974.328125,5.0
9265,15184,12056.595703125,3.0
9266,12295,13072.4453125,2.0
9263,15103,17425.70703125,1.0
9262,11810,11614.28125,3.0
9264,6162,7150.56689453125,1.0
9269,14615,11959.8505859375,2.0
9270,8667,11948.693359375,1.0
9277,22188,25082.671875,1.0
9271,13450,15361.0107421875,4.0
9272,54774,42628.11328125,5.0
9273,13300,17558.83203125,5.0
9274,20232,22577.048828125,2.0
9275,20268,20395.42578125,5.0
9276,20543,17212.615234375,1.0
9279,41430,34100.43359375,1.0
9278,14642,10833.0458984375,2.0
9280,15427,12935.244140625,2.0
9281,22948,15710.3056640625,4.0
9282,18241,13775.046875,5.0
9283,11221,11699.349609375,4.0
9284,11101,15657.3046875,4.0
9285,9031,8378.775390625,4.0
9286,17438,23060.583984375,2.0
9287,25687,21951.326171875,4.0
9294,42056,32810.03125,2.0
9293,12466,8592.447265625,5.0
9295,18193,14991.533203125,2.0
9292,21874,17557.4296875,2.0
9290,32073,27070.98828125,1.0
9291,36376,24224.25390625,1.0
9289,25128,23800.294921875,4.0
9296,56982,39800.9453125,1.0
9297,9430,20861.1796875,5.0
9288,15343,14264.1552734375,3.0
9306,12142,7037.43115234375,5.0
9305,6806,10672.3583984375,1.0
9304,6760,9757.841796875,4.0
9302,38592,35134.0625,1.0
9303,10183,13995.48828125,3.0
9300,15322,14512.5302734375,4.0
9299,5806,5630.9443359375,2.0
9298,7427,16393.21484375,4.0
9301,8025,8394.8916015625,4.0
9312,17864,15100.7607421875,3.0
9307,17070,16238.6357421875,2.0
9308,13432,13172.96484375,5.0
9309,7493,8114.36865234375,1.0
9310,23005,26102.2734375,4.0
9311,13524,11229.4765625,2.0
9313,19304,15586.7470703125,2.0
9315,9005,8747.708984375,1.0
9314,19223,21335.689453125,4.0
9324,13655,8061.048828125,5.0
9322,8027,14019.986328125,3.0
9321,13225,10398.48046875,2.0
9320,6618,8834.0966796875,1.0
9323,5545,8930.859375,4.0
9318,39278,32448.650390625,5.0
9317,20425,18991.076171875,4.0
9316,16040,16370.7880859375,4.0
9319,12875,11517.9912109375,1.0
9330,14621,16830.966796875,1.0
9325,7278,9666.7529296875,3.0
9326,31684,18690.166015625,5.0
9327,17000,17832.8671875,5.0
9328,14289,15997.333984375,2.0
9329,24920,27002.59765625,3.0
9331,20873,22083.88671875,2.0
9332,16961,13639.0771484375,1.0
9333,24032,23966.595703125,2.0
9341,12616,16732.015625,4.0
9339,12454,13201.1728515625,4.0
9342,18205,14508.1494140625,3.0
9338,30353,22798.6640625,5.0
9340,16089,14259.322265625,5.0
9336,20144,23106.6484375,4.0
9334,10569,12803.849609375,2.0
9337,41487,35097.82421875,5.0
9335,50195,44755.484375,1.0
9343,34236,26349.29296875,1.0
9344,11355,12411.6044921875,5.0
9345,38611,35586.8984375,3.0
9346,15410,14919.6748046875,5.0
9347,14392,13661.0205078125,2.0
9348,18609,14969.546875,2.0
9349,10387,12268.861328125,4.0
9351,17261,14677.3642578125,1.0
9350,10145,12166.1240234375,3.0
9360,18864,20183.814453125,1.0
9359,17826,14121.421875,2.0
9358,11291,10396.1748046875,4.0
9357,11992,10110.0810546875,3.0
9352,34417,36081.05078125,4.0
9355,11623,7393.681640625,3.0
9354,11306,12203.728515625,2.0
9353,18533,18767.412109375,5.0
9356,12115,11320.0107421875,1.0
9365,16177,16042.3701171875,3.0
9366,23386,23164.572265625,2.0
9367,17738,15503.021484375,4.0
9363,14227,11878.7060546875,4.0
9362,14052,15965.19921875,4.0
9361,9076,12232.9716796875,4.0
9364,40466,32592.4375,4.0
9368,17556,13920.064453125,3.0
9369,8886,13016.330078125,4.0
9378,27843,23696.203125,2.0
9377,9513,12195.48828125,4.0
9375,9249,13931.1953125,2.0
9374,12384,7511.93994140625,3.0
9376,13979,11843.1435546875,3.0
9372,4873,6389.42431640625,5.0
9371,9457,12810.5625,1.0
9370,11433,13365.904296875,3.0
9373,21041,23513.796875,2.0
9379,22769,38726.16796875,1.0
9380,9299,11075.4990234375,1.0
9381,21382,22282.6953125,3.0
9382,13463,13272.8642578125,3.0
9383,11471,11538.0908203125,4.0
9384,20463,19011.81640625,2.0
9385,26841,19384.42578125,1.0
9386,9142,14226.5888671875,3.0
9387,35059,34404.31640625,3.0
9392,9308,10843.884765625,5.0
9394,12519,14169.796875,1.0
9391,39123,39554.453125,1.0
9393,19036,16747.267578125,2.0
9389,25384,20926.984375,4.0
9390,20800,24250.134765625,3.0
9388,8440,10028.9765625,1.0
9395,15482,14338.244140625,2.0
9396,10150,10633.0390625,1.0
9402,10857,12256.7421875,1.0
9401,10265,9427.7001953125,5.0
9400,11218,12337.6904296875,3.0
9403,17544,19138.87109375,1.0
9398,21665,22822.556640625,2.0
9397,48378,45254.13671875,4.0
9399,12654,13762.359375,3.0
9404,17398,16762.583984375,4.0
9405,40422,34148.30859375,1.0
9406,24136,23052.017578125,4.0
9407,12029,15282.4375,3.0
9408,25435,23633.310546875,1.0
9409,16492,13983.9130859375,1.0
9410,10609,12246.203125,5.0
9411,8223,7872.58935546875,1.0
9412,15186,19714.375,3.0
9413,15462,10919.771484375,1.0
9414,10807,10421.6923828125,2.0
9415,5237,8346.9755859375,1.0
9416,48952,47137.44921875,4.0
9417,10282,15614.654296875,5.0
9418,10222,11222.5458984375,1.0
9419,35603,32116.314453125,2.0
9420,21066,27949.220703125,1.0
9421,10840,9033.1328125,2.0
9422,7013,10132.7734375,5.0
9423,12181,14072.3486328125,3.0
9430,12843,16427.017578125,3.0
9429,16281,16510.478515625,3.0
9428,9888,10444.998046875,1.0
9427,11490,11154.7294921875,5.0
9426,36272,24384.904296875,4.0
9425,14383,11033.03515625,2.0
9424,15315,17679.35546875,3.0
9431,17541,21591.7109375,1.0
9432,11689,12356.2734375,5.0
9433,50134,45631.5546875,5.0
9434,12863,12037.4677734375,4.0
9435,24333,27887.48828125,1.0
9436,9747,11105.9521484375,3.0
9437,13244,12519.8056640625,3.0
9438,8491,8703.9326171875,1.0
9439,16445,11232.841796875,1.0
9441,7897,8774.5,3.0
9440,36161,26250.013671875,3.0
9442,10074,9407.791015625,1.0
9443,10505,16486.53125,5.0
9444,9852,13010.515625,5.0
9445,38203,29974.052734375,1.0
9446,16162,17682.8359375,4.0
9447,18534,18448.580078125,5.0
9448,16162,13381.3046875,2.0
9450,28690,21247.556640625,2.0
9449,19170,17222.21875,4.0
9457,7873,8472.7294921875,2.0
9456,5566,6766.22802734375,2.0
9455,9079,11068.94921875,3.0
9451,14663,20607.40234375,1.0
9453,11286,8508.458984375,2.0
9452,52582,47423.05078125,3.0
9458,11505,11968.12890625,2.0
9454,23251,28677.009765625,1.0
9459,19273,17640.083984375,4.0
9465,32109,30112.869140625,4.0
9466,8182,9960.3271484375,3.0
9463,9156,9737.1552734375,3.0
9464,14406,12151.888671875,2.0
9461,12871,15520.693359375,5.0
9460,12094,26472.734375,2.0
9462,20258,20051.31640625,4.0
9467,40393,32267.349609375,3.0
9468,16950,13318.0341796875,5.0
9475,8737,12288.712890625,4.0
9477,15841,15341.5888671875,5.0
9476,20187,11283.71875,5.0
9474,13785,8387.001953125,1.0
9472,23553,26622.291015625,5.0
9471,12049,13920.482421875,3.0
9470,57781,44480.66796875,2.0
9469,12178,15446.8505859375,5.0
9473,12172,17466.80859375,3.0
9483,37711,28985.23046875,4.0
9485,16768,16134.0615234375,4.0
9484,10707,13949.6611328125,5.0
9482,15069,11103.513671875,4.0
9486,11214,15318.4375,1.0
9480,17518,20083.556640625,4.0
9479,41528,35703.44921875,4.0
9478,9285,31760.439453125,3.0
9481,24895,21176.60546875,5.0
9493,9278,13962.0146484375,1.0
9492,9110,11991.271484375,3.0
9495,20854,18253.314453125,4.0
9491,13581,15334.09765625,4.0
9494,14703,13467.7685546875,4.0
9489,17175,15378.4755859375,2.0
9487,16433,18719.97265625,2.0
9490,33993,29052.197265625,2.0
9488,62241,52690.34765625,2.0
9985,25257,30668.798828125,3.0
9986,24466,33717.1171875,5.0
9987,20039,20981.3046875,4.0
9988,20295,22133.69140625,1.0
9989,18333,16605.099609375,2.0
9990,57188,45881.27734375,4.0
9991,18355,14664.2421875,3.0
9992,10960,11785.4619140625,4.0
9993,18410,14731.755859375,4.0
9999,13737,16350.904296875,4.0
9998,15373,12782.9990234375,2.0
9997,17023,30465.078125,3.0
9994,11791,12401.3232421875,5.0
9995,12891,12742.013671875,2.0
9996,11452,10743.3193359375,3.0
10000,18406,24406.001953125,3.0
10001,40524,39039.01171875,3.0
10002,14664,13372.984375,2.0
10008,18621,22643.818359375,1.0
10009,14123,18251.392578125,3.0
10007,16657,21033.259765625,3.0
10006,14814,14357.0458984375,4.0
10005,11460,13255.4208984375,2.0
10004,39494,35261.625,3.0
10003,16870,13930.208984375,4.0
10010,11620,11737.630859375,3.0
10011,27046,23441.59375,1.0
10012,13064,10822.04296875,5.0
10013,31500,26493.849609375,3.0
10014,12379,11491.494140625,5.0
10015,7737,6889.06689453125,2.0
10016,9337,11560.2666015625,2.0
10017,10793,9306.021484375,3.0
10018,10518,10836.0234375,4.0
10020,27163,25901.248046875,4.0
10019,10225,9796.099609375,3.0
10021,8373,9859.8857421875,5.0
10022,21092,20919.388671875,4.0
10023,16825,18552.701171875,2.0
10024,18587,13435.5751953125,2.0
10025,10234,12500.4267578125,2.0
10026,18960,24024.693359375,3.0
10027,45025,35926.46484375,5.0
10028,15584,13080.927734375,4.0
10029,13225,13931.78125,2.0
10034,10983,10737.46484375,4.0
10035,11864,12993.119140625,2.0
10033,32686,37513.5,1.0
10031,19367,24999.591796875,3.0
10030,6584,7992.62548828125,3.0
10032,7181,9799.0859375,5.0
10036,35013,34318.65234375,3.0
10037,21208,14760.6474609375,3.0
10038,17431,17013.130859375,3.0
10039,22168,23445.9296875,5.0
10040,50531,38774.26953125,5.0
10041,9481,9883.580078125,5.0
10042,10363,11346.4091796875,3.0
10043,11437,8427.1474609375,3.0
10044,12738,13979.53125,5.0
10045,8326,10579.158203125,3.0
10047,14495,16869.33984375,1.0
10046,17219,19812.7265625,1.0
10048,15008,20905.87890625,4.0
10049,20806,20249.857421875,3.0
10050,6628,7595.18994140625,1.0
10051,11077,10041.5615234375,4.0
10052,9213,11441.4306640625,4.0
10053,41283,32779.93359375,3.0
10054,10131,12581.125,5.0
10055,21804,18350.87109375,5.0
10056,36146,24863.251953125,1.0
10064,33498,32935.23828125,2.0
10063,13220,14323.4384765625,5.0
10065,20318,20580.865234375,1.0
10062,22236,18546.998046875,1.0
10059,13481,13294.6689453125,5.0
10060,30436,27185.890625,4.0
10058,16279,14338.458984375,1.0
10057,57440,50023.96484375,4.0
10061,14146,15025.1064453125,2.0
10073,23142,28351.501953125,5.0
10072,14983,19191.865234375,3.0
10071,33162,34025.6640625,1.0
10070,13344,18355.279296875,4.0
10074,11969,14249.5595703125,1.0
10068,39507,34630.58984375,1.0
10067,20224,18262.873046875,5.0
10066,4458,5493.53955078125,1.0
10069,18223,17379.900390625,5.0
10075,19074,26594.013671875,3.0
10076,13636,11503.9130859375,1.0
10077,12197,15089.826171875,2.0
10078,9374,8677.748046875,1.0
10079,13259,16185.994140625,3.0
10080,21821,22452.166015625,5.0
10081,12686,13096.2998046875,5.0
10082,7769,11088.021484375,3.0
10083,55258,46155.01171875,1.0
10089,10983,11595.3193359375,2.0
10090,12422,11900.8203125,2.0
10088,9466,7434.1865234375,4.0
10087,15371,19654.751953125,2.0
10086,34347,29680.34765625,3.0
10085,38268,35121.39453125,4.0
10084,13765,16695.693359375,2.0
10091,12149,12771.6494140625,5.0
10092,25811,22734.669921875,4.0
10093,4935,6670.13232421875,2.0
10094,22679,20362.009765625,3.0
10095,9173,13009.2265625,3.0
10096,10081,13220.2890625,2.0
10097,14405,16243.3388671875,1.0
10098,10514,14820.7275390625,4.0
10101,11734,10856.783203125,2.0
10100,14033,16765.072265625,3.0
10099,51829,48728.875,4.0
10102,12730,11342.3671875,2.0
10103,19752,16426.89453125,3.0
10104,38667,36505.06640625,3.0
10105,21804,20338.55859375,1.0
10106,23028,25256.23828125,5.0
10107,21190,24776.259765625,5.0
10108,11389,12866.578125,2.0
10109,15322,16086.4091796875,1.0
10117,13605,24866.1484375,5.0
10116,16795,8340.3359375,5.0
10115,20473,15642.5517578125,4.0
10114,10524,17945.833984375,3.0
10111,13966,10459.8994140625,5.0
10112,15244,17720.029296875,1.0
10113,15078,14454.24609375,2.0
10118,13229,11035.3740234375,5.0
10119,38439,36881.27734375,2.0
10128,15508,13463.0185546875,5.0
10127,6037,14184.30859375,3.0
10126,9416,11271.6435546875,2.0
10124,36182,32619.521484375,5.0
10125,9292,10633.990234375,3.0
10122,17264,17642.302734375,4.0
10121,10273,10982.529296875,1.0
10120,16709,16700.34765625,5.0
10123,13956,13063.3193359375,5.0
10134,15640,19965.6328125,5.0
10129,20300,20081.513671875,4.0
10130,16614,20769.625,5.0
10131,15069,12887.4677734375,2.0
10132,7232,9058.5693359375,4.0
10133,11298,12302.818359375,3.0
10135,10362,15176.3173828125,1.0
10136,10051,12317.2109375,2.0
10137,14317,21727.228515625,1.0
10138,10264,12570.970703125,3.0
10139,43117,14589.509765625,2.0
10140,15712,19523.1953125,3.0
10141,10049,12975.7333984375,2.0
10142,11489,11577.1787109375,5.0
10143,40858,38676.3203125,2.0
10144,17299,16411.748046875,4.0
10145,35072,28624.5234375,1.0
10146,20315,20755.029296875,4.0
10110,38682,37083.8359375,4.0
10153,12624,13671.791015625,5.0
10152,18112,18152.943359375,5.0
10151,15047,14435.7548828125,2.0
10148,16070,17511.583984375,5.0
10149,20689,21909.017578125,2.0
10147,47359,46893.01953125,3.0
10150,53916,30731.73046875,2.0
10154,14316,13174.4287109375,5.0
10155,12595,13173.6796875,5.0
10162,14854,11904.1279296875,2.0
10164,20391,17092.421875,2.0
10163,20982,21932.896484375,4.0
10161,42015,31991.791015625,1.0
10160,5606,8034.13232421875,4.0
10159,18095,16992.87109375,1.0
10158,10636,7014.73779296875,2.0
10157,6440,8328.0302734375,3.0
10156,19600,14611.953125,2.0
10165,16718,12500.9609375,2.0
10166,25373,20686.0625,3.0
10167,8426,12302.1943359375,1.0
10168,36756,33248.0703125,3.0
10169,19073,13165.689453125,1.0
10170,15703,15748.2939453125,5.0
10171,10402,13545.9228515625,4.0
10173,9116,16176.171875,1.0
10172,13889,13370.4111328125,4.0
10174,15957,17484.234375,2.0
10175,46951,47537.84765625,4.0
10176,10801,12284.07421875,2.0
10177,19789,20326.072265625,2.0
10178,12757,12133.2412109375,4.0
10179,10804,10810.1982421875,3.0
10180,17910,18508.685546875,5.0
10181,19007,28464.912109375,1.0
10182,39912,38824.48046875,2.0
10189,16152,17446.341796875,1.0
10188,14167,12682.7705078125,1.0
10191,7122,9628.126953125,2.0
10187,9038,8512.62109375,1.0
10190,20067,19594.724609375,3.0
10185,13185,11628.765625,4.0
10183,6149,5994.458984375,5.0
10186,10828,10783.2958984375,2.0
10184,10447,8181.541015625,2.0
10192,14856,18207.224609375,3.0
10193,49810,47783.6015625,3.0
10194,23968,20368.904296875,4.0
10195,6341,9455.75390625,1.0
10196,40488,34003.578125,3.0
10197,33678,25883.83203125,4.0
10198,18425,15900.6767578125,5.0
10199,23569,29025.8203125,2.0
10200,14830,17632.744140625,3.0
10207,22675,19539.3359375,2.0
10206,13949,13201.3603515625,4.0
10205,18108,15499.8095703125,4.0
10201,8432,9775.638671875,2.0
10203,15535,14562.4775390625,5.0
10202,13272,12292.19921875,3.0
10204,13835,21927.54296875,5.0
10208,40574,35031.23046875,4.0
10209,19419,18442.681640625,3.0
10214,7793,14186.98828125,3.0
10212,48166,37048.6171875,4.0
10215,21371,19326.07421875,1.0
10213,11606,12468.2626953125,3.0
10210,14812,15898.8388671875,2.0
10211,8449,9598.62109375,4.0
10216,30363,24999.984375,1.0
10217,15797,15208.7509765625,1.0
10218,10648,10657.01171875,5.0
10219,7553,10961.599609375,2.0
10220,10752,11691.935546875,2.0
10221,12923,21267.701171875,2.0
10222,9097,12945.5419921875,3.0
10223,12163,13904.099609375,3.0
10227,15346,12606.03125,3.0
10226,47755,39189.234375,2.0
10224,13492,15017.4755859375,5.0
10225,13438,12563.8759765625,4.0
10228,10503,10800.8837890625,2.0
10229,10640,14237.8232421875,2.0
10230,21939,27332.001953125,4.0
10231,14037,10050.1953125,1.0
10232,38507,36530.4921875,2.0
10233,14831,15443.001953125,5.0
10234,9363,13888.69140625,1.0
10235,18511,23207.244140625,3.0
10236,14208,23909.685546875,5.0
10243,14671,12718.8310546875,4.0
10242,12318,12152.0908203125,2.0
10241,25961,26620.890625,2.0
10240,25082,24933.28515625,5.0
10238,16756,20995.587890625,2.0
10239,14440,16068.5107421875,5.0
10237,11038,8597.837890625,3.0
10244,18025,19191.494140625,3.0
10245,16071,15960.2958984375,4.0
10246,8036,13424.4306640625,5.0
10247,8947,7003.220703125,3.0
10248,4114,7427.87109375,4.0
10249,9056,10500.5927734375,5.0
10250,34446,38016.20703125,1.0
10251,15898,15576.1103515625,1.0
10252,9680,12125.0810546875,4.0
10254,30494,26004.552734375,1.0
10253,52314,47628.94140625,4.0
10260,11236,11539.4306640625,1.0
10259,20044,18352.25,4.0
10258,17529,17138.748046875,4.0
10255,8990,11020.318359375,3.0
10256,21109,26655.9375,4.0
10257,37851,30607.580078125,3.0
10261,16508,14786.09375,2.0
10262,11752,8061.83349609375,5.0
10263,23355,28477.47265625,5.0
10269,15151,9951.533203125,1.0
10271,13555,13984.060546875,4.0
10270,13172,15586.041015625,5.0
10272,27811,17111.265625,3.0
10267,30157,27102.0625,2.0
10266,15678,14245.12109375,3.0
10265,56368,57365.9921875,3.0
10264,18887,18099.083984375,5.0
10268,7751,22629.205078125,4.0
10280,20109,20494.623046875,1.0
10279,16370,13482.0126953125,5.0
10278,18577,17246.291015625,1.0
10277,24956,26529.171875,4.0
10281,23381,20820.994140625,3.0
10275,20749,23706.19921875,5.0
10274,11021,11614.15625,5.0
10273,62123,56273.953125,3.0
10276,16813,17637.166015625,5.0
10282,31384,22280.73046875,1.0
10283,11268,15544.5185546875,3.0
10284,15341,15958.353515625,4.0
10285,46697,34695.328125,1.0
10286,14777,13608.1044921875,5.0
10287,37430,40969.28515625,3.0
10288,13923,13790.701171875,4.0
10289,20687,17170.794921875,1.0
10290,14173,20653.0703125,3.0
10807,19054,19968.595703125,2.0
10808,28152,19604.3359375,2.0
10806,26102,21616.09765625,1.0
10803,18093,18032.56640625,3.0
10804,24390,28167.203125,4.0
10805,61246,33335.79296875,1.0
10809,11210,13848.6015625,5.0
10810,21020,21921.5,2.0
10811,12505,11965.736328125,4.0
10812,18263,22589.30859375,2.0
10813,54482,46826.4609375,4.0
10814,25560,27285.69921875,1.0
10815,16066,17777.59375,2.0
10816,25225,18691.43359375,1.0
10817,35083,25781.666015625,1.0
10818,14566,15425.8828125,4.0
10820,18934,22462.705078125,3.0
10819,14982,11588.5029296875,1.0
10821,13855,13195.5859375,2.0
10822,13693,16381.4501953125,5.0
10823,19233,25212.197265625,1.0
10824,17658,13555.8701171875,2.0
10825,22901,22291.908203125,3.0
10826,46962,28760.505859375,3.0
10827,10048,8750.69140625,1.0
10828,8764,11673.123046875,2.0
10829,10043,11958.9951171875,2.0
10836,15223,16441.2265625,5.0
10838,17651,19433.84375,1.0
10837,8192,7640.57421875,2.0
10835,22740,27530.349609375,4.0
10830,14377,12016.9150390625,5.0
10833,9087,9074.7353515625,1.0
10832,8694,8970.4189453125,2.0
10831,7591,7216.3818359375,4.0
10834,11670,10831.322265625,4.0
10845,14753,15128.49609375,5.0
10843,19193,24571.91015625,1.0
10842,20180,20873.697265625,3.0
10844,16219,13882.9521484375,3.0
10840,27866,21229.185546875,2.0
10839,6450,6256.3642578125,3.0
10841,17257,15322.458984375,2.0
10846,9585,8247.7802734375,3.0
10847,8150,12479.8671875,3.0
10853,16977,17350.369140625,1.0
10848,15240,14493.478515625,5.0
10849,20026,21863.93359375,3.0
10850,14167,16042.193359375,4.0
10851,11091,11270.41796875,1.0
10852,22503,17270.720703125,5.0
10856,13321,11116.322265625,2.0
10855,54450,47763.76953125,3.0
10854,14109,10250.65234375,5.0
10857,12214,11553.3623046875,1.0
10858,17292,20400.81640625,3.0
10859,22283,25668.775390625,2.0
10860,27115,26035.65625,3.0
10861,11126,12242.42578125,1.0
10862,8525,9044.484375,5.0
10863,19763,20556.099609375,1.0
10864,50997,39667.8984375,5.0
10865,11229,12243.9775390625,4.0
10872,14426,15207.630859375,2.0
10871,13083,10424.78515625,4.0
10870,19680,16149.298828125,1.0
10866,14145,13165.447265625,4.0
10868,11997,13753.1865234375,5.0
10867,13055,13559.6328125,5.0
10869,16433,21202.703125,3.0
10873,11884,15883.0224609375,2.0
10874,19014,16088.2548828125,2.0
10880,20220,26165.50390625,5.0
10881,15061,14700.2578125,3.0
10878,48031,47583.1171875,5.0
10879,20283,23095.08203125,5.0
10876,11642,13215.306640625,2.0
10875,11012,9978.6552734375,3.0
10877,35788,30147.14453125,4.0
10882,10221,11932.8369140625,5.0
10883,10081,11610.3388671875,4.0
10891,20280,22233.375,1.0
10892,23088,20819.654296875,5.0
10890,20330,20128.638671875,3.0
10888,21798,19718.533203125,5.0
10889,14103,12855.4091796875,2.0
10886,12104,14122.416015625,2.0
10885,19273,20707.5546875,2.0
10884,12467,15430.6982421875,1.0
10887,34436,27051.537109375,4.0
10899,52008,50153.7421875,2.0
10893,16508,15383.205078125,4.0
10894,13602,13270.5,2.0
10895,9398,9490.0322265625,3.0
10896,36403,32509.09375,4.0
10897,30825,30184.966796875,3.0
10898,27988,29470.5859375,2.0
10906,17122,23971.345703125,4.0
10905,10178,8795.0712890625,1.0
10908,7353,12277.9521484375,3.0
10904,6399,7195.70458984375,2.0
10907,33657,31222.201171875,4.0
10902,20335,22916.69921875,5.0
10903,16771,18101.236328125,3.0
10909,16195,19351.359375,5.0
10910,20773,14655.859375,3.0
10917,14235,14491.7841796875,1.0
10911,16631,15159.6123046875,2.0
10912,57050,52357.203125,2.0
10913,10958,12061.62890625,4.0
10914,10903,13746.705078125,5.0
10915,20361,17163.98046875,2.0
10916,11616,11656.9912109375,1.0
10919,9117,11532.33984375,5.0
10918,11426,17293.26171875,2.0
10901,15840,12499.0673828125,1.0
10900,8286,12502.4296875,5.0
10920,6979,12062.564453125,1.0
10921,17099,15364.419921875,2.0
10922,40029,38876.37890625,5.0
10923,36785,37888.41015625,5.0
10924,27549,23443.751953125,4.0
10925,18215,16361.3056640625,5.0
10926,18733,19186.943359375,4.0
10927,27976,24382.03515625,5.0
10928,14039,15902.33984375,3.0
10933,18479,25982.18359375,1.0
10934,9172,9223.0078125,2.0
10932,37529,36216.87890625,3.0
10931,49218,46719.97265625,1.0
10930,10069,15172.7998046875,3.0
10929,10282,10820.330078125,5.0
10935,10726,12464.6142578125,3.0
10936,17993,19262.15625,5.0
10937,12533,8468.392578125,5.0
10938,8060,14629.9951171875,4.0
10939,14164,13934.6181640625,2.0
10940,28214,26729.3515625,2.0
10941,11061,10262.126953125,5.0
10942,11717,14860.716796875,3.0
10943,20138,18124.607421875,1.0
10946,12294,12591.46875,3.0
10945,12494,12496.4814453125,3.0
10944,16561,20019.486328125,2.0
10947,9512,6612.40234375,3.0
10948,15081,11869.9873046875,3.0
10949,9524,11857.2587890625,1.0
10950,27701,26155.6484375,4.0
10951,30711,29561.978515625,4.0
10952,7474,8578.1083984375,3.0
10953,14131,14061.4091796875,4.0
10954,8216,12725.185546875,5.0
10955,35080,41554.69921875,4.0
10961,17025,13974.466796875,3.0
10960,34752,26047.734375,5.0
10959,15450,14577.1728515625,1.0
10956,12222,9440.333984375,2.0
10957,11171,14653.2001953125,2.0
10958,19355,17790.505859375,4.0
10962,51168,46565.6640625,1.0
10963,9578,10543.5234375,2.0
10964,14062,11559.2099609375,1.0
10965,9027,9532.0966796875,4.0
10966,28986,25554.517578125,5.0
10967,21952,17822.146484375,4.0
10968,11057,12308.05078125,4.0
10969,17619,16989.09375,3.0
10970,9348,13327.2978515625,5.0
10973,36412,26099.853515625,5.0
10972,35388,32815.6953125,1.0
10971,8657,9769.8466796875,2.0
10974,9682,13240.4716796875,3.0
10975,9211,14976.5537109375,1.0
10976,18743,19588.80078125,3.0
10977,16190,14895.349609375,2.0
10978,14239,11612.662109375,1.0
10979,12269,17928.625,4.0
10980,11762,11122.4697265625,1.0
10981,46981,46438.5546875,2.0
10982,24711,26327.302734375,4.0
10988,12799,14952.5068359375,1.0
10987,38781,31655.486328125,1.0
10986,10266,11837.77734375,2.0
10983,8790,11873.7734375,2.0
10984,21431,18349.56640625,1.0
10985,37154,35155.515625,4.0
10989,16338,15114.2841796875,5.0
10990,14715,17619.51171875,5.0
10991,18292,16781.5,1.0
10996,8688,11536.8203125,1.0
10995,14163,12582.6015625,1.0
10997,15448,17231.884765625,1.0
10993,45253,39449.0078125,3.0
10992,19868,21431.052734375,4.0
10994,18431,23986.443359375,2.0
10998,18171,19013.54296875,3.0
10999,9583,8884.7705078125,5.0
11000,14242,15604.509765625,3.0
11001,7010,13205.619140625,1.0
11002,26275,23861.326171875,2.0
11003,8555,10774.142578125,3.0
11004,10071,12413.1552734375,3.0
11005,13123,11285.404296875,3.0
11009,21245,17951.802734375,1.0
11008,10884,15105.4609375,1.0
11007,8463,8381.3779296875,2.0
11006,6125,10510.3662109375,5.0
11010,22292,20225.548828125,1.0
11011,45831,38468.23828125,1.0
11012,20398,23551.146484375,4.0
11013,17107,22835.013671875,5.0
11014,15395,12009.859375,2.0
11015,13738,11171.04296875,2.0
11016,19627,17632.18359375,5.0
11017,15353,13614.763671875,1.0
11018,36770,34196.58203125,2.0
11025,10669,12045.8486328125,5.0
11024,7839,12094.736328125,5.0
11023,12095,12982.564453125,5.0
11019,9018,10033.4267578125,4.0
11021,20729,18218.994140625,5.0
11020,8671,13047.45703125,4.0
11022,20037,18415.60546875,1.0
11026,11530,16483.779296875,2.0
11027,14961,13839.712890625,3.0
11032,15206,13614.7685546875,5.0
11031,32208,31896.294921875,1.0
11033,9376,18224.671875,1.0
11029,23036,25642.107421875,1.0
11028,15266,15421.498046875,2.0
11030,21096,24831.912109375,2.0
11037,7028,8736.345703125,2.0
11038,24139,21675.453125,5.0
11039,18062,24028.39453125,4.0
11040,13939,10533.2412109375,4.0
11045,30517,15679.2568359375,3.0
11043,19811,18989.111328125,5.0
11042,14241,10097.65625,3.0
11044,15481,16279.7958984375,3.0
11041,8741,11754.4404296875,2.0
11036,10039,12702.8779296875,4.0
11035,16225,15947.431640625,5.0
11034,6725,15005.666015625,4.0
11046,9079,9708.197265625,3.0
11047,30410,24011.119140625,2.0
11048,20455,18803.009765625,3.0
11049,34025,29426.662109375,1.0
11050,19386,18090.99609375,5.0
11051,18009,13810.572265625,3.0
11052,16718,20311.34375,3.0
11053,10984,9101.0732421875,5.0
11054,14481,13060.0908203125,1.0
11059,20580,17192.052734375,2.0
11061,16733,16450.20703125,4.0
11058,22184,22095.326171875,4.0
11060,47325,36946.125,4.0
11056,10065,15414.2451171875,3.0
11055,16407,11224.5625,2.0
11057,18716,16287.126953125,4.0
11062,8343,12758.7265625,5.0
11063,26229,26524.958984375,1.0
11064,10755,12487.4443359375,4.0
11065,30192,26633.50390625,5.0
11066,11888,10818.0947265625,3.0
11067,13733,14807.9873046875,3.0
11071,40359,35438.85546875,5.0
11070,16145,15830.0234375,2.0
11072,19082,17263.4609375,4.0
11068,12175,8725.509765625,4.0
11069,33596,34151.55859375,4.0
11074,10519,14179.8115234375,4.0
11075,18823,19943.009765625,2.0
11076,24887,21369.515625,2.0
11077,28901,20681.158203125,2.0
11078,13515,14839.4541015625,5.0
11073,9356,9380.9580078125,1.0
11079,21500,20459.16796875,5.0
11080,8626,13723.94140625,1.0
11081,23517,19995.55078125,5.0
11087,31744,24085.013671875,3.0
11090,13010,15387.8359375,4.0
11089,18355,12029.8984375,3.0
11088,35452,29189.69140625,4.0
11085,21714,19643.37109375,2.0
11084,9201,18088.626953125,2.0
11083,16833,16173.59765625,5.0
11082,54709,42561.91796875,1.0
11086,14766,13298.15625,4.0
11091,29820,28044.421875,3.0
11092,10628,12398.4521484375,3.0
11093,17172,22298.4140625,3.0
11094,31474,32417.546875,2.0
11095,20079,17625.791015625,1.0
11096,19605,22728.30078125,3.0
11098,35172,23866.83984375,1.0
11099,19890,18241.728515625,4.0
11097,11231,13497.1416015625,5.0
11100,26220,25343.94921875,3.0
11101,53583,47201.3984375,5.0
11102,17152,14442.7578125,2.0
11103,24620,17988.5546875,5.0
11104,34287,35849.32421875,3.0
11105,16593,14063.439453125,2.0
11106,17331,14639.8388671875,1.0
11107,17511,18010.513671875,3.0
11108,28831,23628.03515625,1.0
11621,17841,22675.865234375,2.0
11622,12141,15633.8076171875,4.0
11620,37878,32396.3828125,5.0
11616,27568,24628.73828125,1.0
11618,25395,22018.916015625,1.0
11619,17916,16105.4921875,3.0
11617,23601,21126.234375,1.0
11623,11542,10959.7470703125,3.0
11624,16919,15549.24609375,2.0
11625,16841,18728.7890625,1.0
11626,50802,44592.56640625,2.0
11627,15195,14481.1396484375,4.0
11628,8723,14479.140625,5.0
11629,19172,15572.04296875,3.0
11630,12370,18029.146484375,2.0
11631,16128,18219.314453125,3.0
11632,37808,41068.05859375,5.0
11633,20312,14532.9892578125,2.0
11638,16708,17015.173828125,1.0
11637,18180,18729.7421875,4.0
11634,9029,9373.689453125,1.0
11635,20179,17126.576171875,4.0
11636,18439,21346.083984375,3.0
11642,14544,14429.4892578125,3.0
11639,13074,14821.548828125,4.0
11640,14085,16634.29296875,5.0
11641,17492,18359.087890625,3.0
11648,8727,9080.0703125,4.0
11645,20148,16950.888671875,4.0
11649,8716,7978.88427734375,2.0
11647,32022,28872.529296875,3.0
11644,17254,14804.681640625,1.0
11643,15644,13114.1923828125,3.0
11646,45542,40109.94921875,5.0
11650,9172,11962.25390625,4.0
11651,10020,11216.61328125,3.0
11652,18461,18127.169921875,1.0
11653,12912,9969.375,5.0
11654,14496,11552.291015625,4.0
11655,10515,12596.306640625,2.0
11656,11909,12479.001953125,1.0
11658,17256,15455.236328125,4.0
11657,32913,26594.87109375,5.0
11659,11536,13036.103515625,1.0
11660,32435,27217.580078125,2.0
11661,10159,13337.5732421875,1.0
11666,41836,42806.5234375,1.0
11665,16224,13914.24609375,3.0
11667,27486,21922.3359375,2.0
11663,30169,33461.0390625,1.0
11662,10368,9857.8447265625,1.0
11664,18730,18798.900390625,4.0
11669,13462,11017.486328125,3.0
11668,22152,24367.83984375,1.0
11670,15759,25197.37109375,3.0
11671,9756,10821.69921875,5.0
11672,16658,10220.359375,5.0
11673,15428,18862.814453125,4.0
11674,6851,9033.53125,5.0
11675,17246,12976.2763671875,2.0
11676,13896,15252.015625,1.0
11677,20721,17434.197265625,2.0
11678,12500,12879.056640625,1.0
11687,16853,16076.8232421875,1.0
11686,14473,16367.474609375,1.0
11685,28317,21464.955078125,3.0
11684,30851,28683.158203125,4.0
11680,34060,33291.25,1.0
11682,12137,14102.4453125,3.0
11681,11263,10563.4033203125,5.0
11679,16253,14751.2099609375,3.0
11683,9058,10623.849609375,4.0
11694,14584,12776.3701171875,3.0
11696,18886,24266.310546875,3.0
11695,50284,51474.65234375,1.0
11692,17009,15313.521484375,5.0
11693,10950,12798.7451171875,1.0
11690,19306,21455.39453125,3.0
11689,12132,10724.0009765625,5.0
11688,11071,11474.701171875,4.0
11691,28016,24505.150390625,2.0
11703,15342,13197.9970703125,4.0
11702,15129,14090.7021484375,1.0
11700,32854,29320.8046875,3.0
11701,10574,14580.6396484375,1.0
11698,7796,8170.93505859375,2.0
11697,40268,37883.16015625,4.0
11699,11609,13117.0380859375,1.0
11708,18245,16921.3984375,5.0
11710,17171,11233.384765625,1.0
11706,18221,21030.51953125,3.0
11707,9783,12315.4775390625,3.0
11709,14182,13328.0419921875,2.0
11711,51594,49397.73046875,3.0
11713,18319,14444.154296875,1.0
11712,19154,19262.45703125,3.0
11714,10149,12494.2509765625,1.0
11718,10651,13077.9765625,5.0
11721,13141,12054.88671875,5.0
11719,9479,12990.41796875,5.0
11717,16329,14318.76953125,4.0
11720,20349,20616.09375,4.0
11715,16577,19940.431640625,5.0
11716,53374,44440.4296875,2.0
11722,28817,30137.955078125,1.0
11723,5567,10395.7451171875,2.0
11724,29760,34164.37109375,4.0
11725,16298,12608.654296875,4.0
11726,6554,9149.806640625,4.0
11727,14833,14426.5576171875,5.0
11728,6002,11729.5517578125,5.0
11732,32418,33422.828125,4.0
11731,15632,14179.4345703125,1.0
11730,27851,25493.994140625,3.0
11729,19092,20835.783203125,1.0
11733,19375,15691.396484375,4.0
11734,17865,12997.35546875,2.0
11735,12457,13168.3798828125,5.0
11736,18404,16972.5,4.0
11737,21841,20625.662109375,1.0
11738,9336,8511.9814453125,3.0
11739,10266,11340.0888671875,5.0
11741,40228,35081.8359375,3.0
11740,14514,14459.6708984375,1.0
11745,13079,12344.609375,5.0
11746,28987,27898.162109375,2.0
11744,18777,26017.7734375,5.0
11742,11806,9768.3134765625,4.0
11743,10635,10927.4482421875,3.0
11747,10367,14524.857421875,1.0
11748,25610,28934.841796875,4.0
11749,35786,39263.89453125,5.0
11750,20391,20495.255859375,3.0
11704,15903,16261.869140625,3.0
11705,9661,12384.80859375,4.0
11755,14915,15318.71875,2.0
11756,19671,17599.66015625,4.0
11754,16205,14579.9873046875,1.0
11752,20102,16138.634765625,1.0
11751,10631,10613.1005859375,5.0
11753,9615,11546.1298828125,5.0
11757,24749,24360.08203125,2.0
11758,13375,13943.08203125,5.0
11759,22185,22881.98828125,3.0
11764,36810,34408.91015625,5.0
11763,13185,10347.6083984375,5.0
11765,18549,16395.5,3.0
11761,44149,39270.98046875,5.0
11760,17903,18489.302734375,3.0
11762,12349,11933.0634765625,5.0
11767,24736,22826.5,4.0
11768,10008,12927.3779296875,1.0
11766,8011,11080.587890625,2.0
11769,10895,10237.982421875,4.0
11770,14696,17404.734375,3.0
11771,22681,24998.16796875,2.0
11772,20203,17495.91796875,4.0
11773,17784,20638.5078125,5.0
11774,24833,25690.6953125,1.0
11775,10255,12665.3798828125,2.0
11776,11572,15487.1689453125,3.0
11777,11367,13491.9404296875,3.0
11783,8651,12333.203125,4.0
11782,15262,14827.720703125,1.0
11781,15142,13383.2255859375,5.0
11780,44976,42511.203125,1.0
11779,18773,17031.85546875,5.0
11778,27846,22483.2734375,2.0
11784,37447,34200.88671875,2.0
11785,15729,12867.5107421875,2.0
11786,9002,11692.9423828125,3.0
11787,21379,19858.244140625,2.0
11788,19354,28087.486328125,4.0
11789,30862,33403.0859375,5.0
11790,11297,11746.158203125,1.0
11792,17461,14069.111328125,2.0
11791,22225,17432.955078125,1.0
11795,8545,9775.4091796875,3.0
11793,16547,14627.7216796875,4.0
11794,45186,36443.296875,4.0
11796,8821,10911.1767578125,1.0
11797,25674,16536.708984375,1.0
11798,18025,14993.693359375,3.0
11799,20211,23787.458984375,3.0
11800,13394,13040.13671875,3.0
11801,17899,15363.7626953125,5.0
11804,20034,17455.08984375,3.0
11802,11330,11461.271484375,4.0
11803,24913,29904.744140625,2.0
11811,10951,11239.4208984375,3.0
11810,17432,14750.6845703125,3.0
11809,10685,9360.0224609375,3.0
11805,11056,12113.490234375,4.0
11807,32896,31758.896484375,4.0
11806,13548,11765.544921875,3.0
11812,38740,35811.984375,5.0
11808,10545,12559.28125,5.0
11813,11025,9152.76953125,1.0
11817,27113,22004.34375,3.0
11816,20116,21677.671875,5.0
11818,22145,25230.72265625,5.0
11814,10211,9681.4013671875,2.0
11815,35047,32465.830078125,4.0
11820,24593,21617.578125,5.0
11821,17341,17864.447265625,2.0
11819,18134,18837.173828125,4.0
11822,14163,15680.5126953125,5.0
11823,11369,12140.84765625,3.0
11824,18320,22432.109375,3.0
11825,13181,13843.9189453125,4.0
11826,18298,28060.498046875,5.0
11827,12043,12620.75390625,5.0
11828,19094,17049.857421875,1.0
11830,8124,7710.6416015625,1.0
11831,20689,18949.177734375,2.0
11829,10206,11942.08984375,4.0
11832,14108,11651.689453125,5.0
11833,13169,12930.982421875,4.0
11834,9355,9651.6728515625,4.0
11835,8106,13434.62109375,5.0
11836,17205,17169.08203125,2.0
11837,12126,14125.68359375,4.0
11838,41500,37899.61328125,2.0
11839,17241,16189.5673828125,2.0
11846,24392,29767.498046875,4.0
11847,13860,10341.5419921875,5.0
11844,22390,25473.23046875,2.0
11845,28581,25534.552734375,2.0
11842,10501,7354.18115234375,5.0
11841,12270,11918.4638671875,5.0
11843,23014,28028.509765625,2.0
11848,10507,10607.255859375,1.0
11849,12634,12778.685546875,1.0
11850,14602,11863.2119140625,3.0
11851,21512,25425.9296875,3.0
11852,9206,9969.0888671875,4.0
11853,14690,14826.2783203125,2.0
11854,15274,13661.3203125,2.0
11855,17192,19819.875,5.0
11856,18749,15832.9296875,4.0
11858,17294,15166.5546875,1.0
11857,45023,39822.8125,2.0
11859,8011,8580.0673828125,5.0
11860,38634,43405.4453125,4.0
11861,8514,9832.0810546875,5.0
11862,18205,15713.5849609375,4.0
11863,11127,13801.77734375,2.0
11864,19288,23513.544921875,3.0
11865,19951,21629.71875,1.0
11866,13796,13048.5654296875,3.0
11867,17758,15540.7236328125,1.0
11840,22323,14699.5849609375,1.0
11873,14126,14118.98046875,4.0
11874,22180,19812.17578125,1.0
11872,39963,38783.4921875,3.0
11871,22046,25850.71875,4.0
11870,28235,21991.34375,5.0
11869,37842,24594.7109375,5.0
11868,10029,9391.705078125,2.0
11875,13389,13850.4013671875,5.0
11876,18264,17314.525390625,5.0
11877,9946,8198.49609375,3.0
11878,14852,12494.400390625,1.0
11879,11463,12768.6015625,3.0
11880,18887,19150.806640625,2.0
11881,20213,19698.705078125,3.0
11885,18946,19398.740234375,2.0
11884,15578,22961.375,5.0
11882,43746,44275.13671875,5.0
11883,19275,16355.44140625,2.0
11886,10364,7538.9619140625,5.0
11887,10007,10964.8271484375,4.0
11888,40701,39808.65625,4.0
11889,16724,21005.017578125,4.0
11890,11912,13054.0888671875,5.0
11891,20433,21046.98046875,1.0
11892,18470,22801.06640625,4.0
11893,10136,11415.818359375,1.0
11894,20394,18875.140625,5.0
11900,11553,14361.169921875,3.0
11901,13728,15109.228515625,3.0
11899,14043,12714.0302734375,3.0
11896,43619,46143.30859375,3.0
11897,28491,29672.37890625,5.0
11898,20011,22532.23046875,1.0
11895,10347,11155.3310546875,4.0
11902,14247,15729.4501953125,5.0
11903,20418,20179.33984375,5.0
11909,15071,23674.88671875,2.0
11908,14486,13255.7236328125,5.0
11907,22274,23228.966796875,1.0
11910,18121,17325.998046875,3.0
11905,11191,8027.1201171875,5.0
11904,35598,30941.75390625,3.0
11906,28664,25134.828125,3.0
11911,13642,12252.580078125,5.0
11912,30985,27277.09765625,1.0
11920,19303,18229.33984375,4.0
11913,12767,13936.234375,2.0
11914,53783,46717.75,2.0
11915,10135,12166.8818359375,3.0
11916,33984,37043.57421875,4.0
11917,17218,16285.8115234375,4.0
11918,20031,18322.025390625,4.0
11919,15767,16564.74609375,2.0
11921,22460,16164.7041015625,2.0
12549,22117,20016.087890625,2.0
12550,18105,17757.1796875,1.0
12548,35251,31160.52734375,2.0
12545,10440,11445.716796875,5.0
12546,29011,24120.97265625,2.0
12547,16216,18572.240234375,5.0
12544,11280,9826.9423828125,2.0
12551,19506,16099.814453125,4.0
12552,8605,10048.49609375,3.0
12553,32228,32359.607421875,5.0
12554,28423,35102.34765625,5.0
12555,18517,17357.09375,5.0
12556,17978,17533.03515625,4.0
12557,25176,32872.48046875,5.0
12561,9133,16459.453125,3.0
12560,37860,25121.220703125,2.0
12558,15222,13176.822265625,4.0
12559,50096,45920.48046875,5.0
12562,8250,11176.6513671875,1.0
12563,15367,11829.4560546875,2.0
12564,8177,8339.896484375,3.0
12565,35870,22989.837890625,2.0
12566,11116,12135.6123046875,3.0
12567,16813,10463.853515625,3.0
12568,20143,23020.154296875,2.0
12569,19021,13648.919921875,3.0
12570,12749,12405.4208984375,3.0
12575,7258,9436.4140625,5.0
12576,16261,22947.36328125,5.0
12574,15442,12569.1005859375,1.0
12571,17716,18767.330078125,4.0
12572,10220,9908.751953125,5.0
12573,22089,18216.10546875,4.0
12577,10596,9939.2763671875,1.0
12578,17216,14677.0869140625,1.0
12584,17776,16207.203125,1.0
12583,7019,9251.40625,5.0
12582,24529,20458.255859375,3.0
12585,36790,35613.3515625,3.0
12580,8926,19671.384765625,1.0
12581,27114,22643.205078125,4.0
12586,23214,27523.759765625,3.0
12587,10603,12410.1455078125,3.0
12588,22199,19788.814453125,4.0
12594,32485,31024.333984375,4.0
12589,10406,9185.6650390625,1.0
12590,10094,11103.201171875,2.0
12591,10149,11552.7080078125,2.0
12592,14094,12659.787109375,2.0
12593,15644,24168.22265625,5.0
12595,30672,27381.693359375,4.0
12596,17522,16739.125,3.0
12597,10392,9831.4736328125,2.0
12598,12119,11067.2490234375,2.0
12599,14168,9651.29296875,2.0
12600,10083,9348.927734375,4.0
12601,19914,15405.193359375,3.0
12602,18350,23389.66015625,3.0
12603,7030,10416.5400390625,1.0
12604,9838,16712.42578125,4.0
12605,17983,13866.8486328125,5.0
12606,46313,42934.72265625,4.0
12579,9502,11245.4140625,2.0
12613,24146,29753.080078125,1.0
12612,17590,15658.80078125,5.0
12611,43025,28835.142578125,5.0
12608,8073,10733.3427734375,5.0
12609,17669,16510.962890625,5.0
12607,15156,13897.7431640625,5.0
12610,37116,40316.9140625,4.0
12614,9892,9524.7568359375,4.0
12615,13867,20152.447265625,3.0
12622,38851,33179.953125,4.0
12624,19549,16588.896484375,2.0
12623,9203,10158.8994140625,2.0
12621,19423,21488.578125,3.0
12619,13622,15196.94140625,5.0
12618,13206,12779.974609375,4.0
12617,12305,13022.3271484375,2.0
12616,27223,26932.80859375,5.0
12620,32855,20174.396484375,5.0
12631,12020,13391.7529296875,3.0
12633,20317,15902.599609375,5.0
12632,9537,11418.6328125,3.0
12630,41002,35313.30859375,2.0
12629,21761,28649.15234375,1.0
12628,26406,22818.638671875,5.0
12627,55410,34229.85546875,2.0
12626,14016,13411.5205078125,5.0
12625,11650,9309.8017578125,2.0
12634,48246,37274.2109375,1.0
12635,15396,16858.77734375,4.0
12636,13676,13972.6240234375,5.0
12637,17239,14082.7353515625,3.0
12638,11176,11699.5361328125,2.0
12643,28114,29223.185546875,5.0
12644,35858,35718.90625,2.0
12647,17001,21072.306640625,5.0
12645,13127,11386.68359375,3.0
12646,24162,29056.259765625,4.0
12650,34098,27275.328125,1.0
12651,13797,13246.591796875,5.0
12649,10258,8246.6337890625,1.0
12648,14760,13489.5244140625,2.0
12641,9093,10133.9462890625,1.0
12640,17722,10960.916015625,1.0
12639,9472,12732.81640625,4.0
12642,5334,11027.611328125,4.0
12652,11412,10753.1494140625,3.0
12653,25781,17696.064453125,1.0
12654,19968,19638.14453125,1.0
12655,20231,10721.9423828125,5.0
12656,26607,21962.23828125,2.0
12657,34206,31653.32421875,2.0
12659,20201,22983.001953125,2.0
12658,11705,10297.09375,5.0
12660,23948,17589.75,3.0
12666,17534,16235.0947265625,4.0
12665,39005,27617.53515625,2.0
12664,17281,14917.5986328125,5.0
12661,37470,37303.73046875,3.0
12662,14973,14437.91015625,1.0
12663,19880,18610.17578125,2.0
12669,17862,14703.6142578125,1.0
12667,12737,12413.2626953125,2.0
12668,10081,10344.72265625,2.0
12672,13317,15647.3818359375,5.0
12671,10685,19664.83984375,1.0
12670,12139,13660.9638671875,1.0
12677,10530,12175.462890625,4.0
12678,16887,14661.5498046875,4.0
12676,7991,11350.7939453125,2.0
12673,12045,11729.6474609375,4.0
12674,9981,8297.4716796875,1.0
12675,26534,21246.11328125,5.0
12679,40326,44608.125,4.0
12680,16415,15988.189453125,1.0
12681,29964,26225.603515625,1.0
12682,36910,31898.81640625,2.0
12683,10021,13068.23828125,4.0
12687,13316,10072.58984375,3.0
12686,16326,17943.298828125,2.0
12685,16193,14066.345703125,1.0
12684,11036,17601.32421875,4.0
12693,18069,18719.3671875,2.0
12688,7831,9422.966796875,5.0
12689,6818,8036.72119140625,3.0
12690,19848,21640.208984375,2.0
12691,18894,15436.7705078125,3.0
12692,9041,10965.294921875,3.0
12696,27990,26559.611328125,2.0
12695,12799,18459.1640625,3.0
12694,14031,16477.81640625,2.0
12697,14118,9015.84375,1.0
12702,31715,31355.98046875,4.0
12701,23640,20231.98046875,4.0
12698,9652,11973.2412109375,1.0
12699,20019,19076.4296875,3.0
12700,17651,16958.50390625,4.0
12703,9742,9359.193359375,4.0
12704,10849,10750.1044921875,5.0
12705,19026,17271.71484375,1.0
12706,30076,37863.7265625,1.0
12707,20046,20265.94140625,1.0
12708,32231,34994.03125,1.0
12709,12184,8307.91796875,2.0
12714,9945,9249.3642578125,2.0
12713,9086,11392.1083984375,1.0
12711,9302,6270.9736328125,4.0
12712,8049,8901.2197265625,5.0
12710,22407,15617.96875,2.0
12719,13963,11153.16015625,3.0
12715,19024,20635.4765625,2.0
12716,20341,23878.337890625,1.0
12717,14095,14158.1494140625,4.0
12718,36553,34780.37109375,1.0
12723,17311,18215.3515625,3.0
12722,31266,25488.998046875,2.0
12720,10310,10795.763671875,5.0
12721,10081,9337.1640625,3.0
12724,51177,40698.8828125,3.0
12725,9799,13396.5712890625,2.0
12726,14395,14011.98828125,2.0
12727,13944,14373.5947265625,3.0
12728,13798,12913.1337890625,3.0
12729,12393,14150.6767578125,2.0
12731,19550,15763.7119140625,1.0
12732,18792,18616.638671875,4.0
12730,23167,23082.66796875,3.0
12733,16869,17220.138671875,3.0
12734,10396,10311.0341796875,3.0
12735,22173,22541.888671875,2.0
12736,30832,28542.02734375,3.0
12737,8027,10528.2548828125,1.0
12738,9550,8754.0703125,3.0
12739,20286,21571.443359375,5.0
12740,10119,12083.61328125,2.0
12741,29959,30963.9609375,1.0
12746,17882,16560.6640625,3.0
12745,11056,11612.123046875,2.0
12747,20973,20764.10546875,2.0
12743,38909,37421.625,3.0
12742,14199,16256.763671875,5.0
12744,12831,12471.1513671875,5.0
12748,11979,13189.4892578125,5.0
12750,29848,26658.259765625,3.0
12749,26391,19114.994140625,2.0
12751,7782,10743.4970703125,3.0
12752,31973,38976.27734375,3.0
12753,17477,24643.3046875,3.0
12754,20837,20849.1953125,1.0
12755,20250,23186.970703125,3.0
12756,19496,15844.9033203125,1.0
12757,8777,9217.806640625,1.0
12758,12775,15318.748046875,2.0
12759,15180,16101.2451171875,3.0
12766,8707,14380.7158203125,5.0
12765,8041,11811.53515625,5.0
12764,7220,7563.03125,3.0
12760,12018,12720.1982421875,4.0
12762,29575,31191.126953125,4.0
12761,22236,17091.875,2.0
12763,13027,14409.896484375,5.0
12767,20508,22131.759765625,4.0
12768,11528,13878.3603515625,5.0
12774,15132,13201.806640625,2.0
12775,13887,13178.677734375,5.0
12773,14221,14804.2822265625,1.0
12769,17182,10854.73828125,2.0
12771,17427,14312.3505859375,4.0
12770,32902,35665.08984375,4.0
12772,11200,13957.8583984375,1.0
12776,17823,22900.080078125,3.0
12777,32754,34711.0859375,5.0
12782,15276,14940.2119140625,5.0
12780,18301,22969.015625,3.0
12781,9441,12017.3896484375,2.0
12778,12543,10738.958984375,2.0
12779,23074,21099.884765625,1.0
12783,22973,22667.9609375,2.0
12784,10740,12534.8984375,5.0
12785,12151,14064.6220703125,2.0
12786,11127,11458.4775390625,1.0
12791,24061,26555.935546875,1.0
12792,12399,15683.6884765625,2.0
12790,7117,13231.2353515625,4.0
12788,21625,37999.51953125,5.0
12787,12663,12837.263671875,4.0
12789,7348,14786.8564453125,1.0
12793,12568,11684.419921875,2.0
12794,30130,31225.662109375,1.0
12802,12052,12818.15625,1.0
12800,11927,9999.5693359375,2.0
12799,7596,11395.7109375,4.0
12801,10877,16628.037109375,2.0
12797,27816,30896.466796875,1.0
12796,8457,10163.2958984375,4.0
12798,12181,13301.720703125,3.0
12803,27969,20634.189453125,4.0
12804,21725,20962.630859375,4.0
12795,6032,6819.21142578125,3.0
12813,15402,14846.064453125,2.0
12811,16204,12812.6748046875,4.0
12810,19152,33902.84765625,1.0
12809,29670,26867.78515625,3.0
12812,17489,12325.8505859375,4.0
12807,32398,37010.3984375,5.0
12806,7712,12599.255859375,1.0
12805,13675,14263.078125,1.0
12808,19693,18734.2890625,2.0
12822,11961,12539.1767578125,4.0
12821,11462,14605.2626953125,4.0
12820,13473,13656.6865234375,4.0
12819,6904,7618.61474609375,1.0
12818,10118,10533.6669921875,5.0
12816,28480,23058.75390625,2.0
12815,40071,38076.28125,4.0
12814,17050,11390.6494140625,3.0
12817,12650,11330.0634765625,2.0
12829,17143,15352.9541015625,4.0
12831,11347,15734.4814453125,4.0
12830,33655,28601.748046875,4.0
12828,24928,32091.94140625,5.0
12827,29691,35898.93359375,5.0
12826,16194,16851.48046875,2.0
12825,8979,8732.4248046875,5.0
12824,18575,18425.919921875,2.0
12823,8582,8875.3349609375,5.0
12832,10967,8767.962890625,1.0
12833,26243,24412.275390625,5.0
12834,19411,23432.68359375,4.0
12835,13278,14431.1005859375,5.0
12836,17977,21575.90234375,1.0
12837,14061,14386.640625,2.0
12838,16448,13568.3251953125,5.0
12840,8775,12759.0947265625,2.0
12839,19588,15819.7392578125,4.0
12841,18989,16667.806640625,5.0
12842,13647,16331.416015625,4.0
12843,45941,35742.75,3.0
12844,28071,31192.763671875,5.0
12845,27389,28358.037109375,2.0
12846,19088,20854.064453125,3.0
12847,31941,28071.357421875,3.0
12848,12697,12814.0302734375,2.0
12849,15011,16375.4951171875,3.0
14001,11437,14193.125,4.0
14000,18920,17515.224609375,2.0
13999,11283,17560.037109375,4.0
13998,25353,16367.6357421875,3.0
13996,17066,15264.72265625,3.0
13995,24316,22845.193359375,3.0
13994,18250,20354.287109375,5.0
13997,29603,20733.775390625,3.0
14002,13082,12829.8505859375,2.0
14009,10653,11340.7431640625,2.0
14011,21757,28981.05859375,2.0
14010,14036,14722.4970703125,1.0
14008,13231,13079.8330078125,4.0
14007,30764,30180.4375,4.0
14006,26294,25083.990234375,5.0
14005,19488,21139.078125,3.0
14004,41069,35627.2890625,4.0
14003,19010,13354.4365234375,2.0
14012,11831,14008.0908203125,5.0
14013,14349,15440.4677734375,1.0
14014,14777,14057.08203125,4.0
14015,11839,14521.5546875,2.0
14016,10611,11695.2001953125,2.0
14017,20192,21894.8828125,5.0
14018,12209,9007.36328125,5.0
14020,15072,14716.4716796875,3.0
14019,10603,10376.3662109375,2.0
14021,7936,7805.4140625,5.0
14022,16229,23138.916015625,1.0
14023,25743,23053.6015625,3.0
14024,9042,10047.7099609375,2.0
14025,9598,14639.8984375,1.0
14026,16836,23198.060546875,5.0
14027,14216,12168.7890625,5.0
14028,22126,22435.763671875,1.0
14029,7719,10748.9912109375,3.0
14036,23507,21612.66796875,3.0
14037,12318,14681.7255859375,4.0
14035,8180,8316.0703125,2.0
14034,15854,18697.115234375,3.0
14032,13824,15924.3310546875,3.0
14031,13147,15729.650390625,4.0
14030,14023,12402.392578125,2.0
14033,12709,9872.4697265625,2.0
14038,20996,18923.04296875,4.0
14047,9154,10308.5390625,2.0
14046,17134,13289.4365234375,2.0
14044,12896,17856.36328125,1.0
14043,16334,13595.203125,4.0
14045,9735,9741.1103515625,5.0
14041,7101,8601.0361328125,2.0
14040,19279,24785.50390625,3.0
14039,12318,6912.96533203125,3.0
14042,25894,26853.45703125,2.0
14048,11119,10003.7041015625,3.0
14049,11965,11080.8759765625,5.0
14050,10859,10645.8095703125,1.0
14051,11123,13127.181640625,5.0
14052,12110,13234.0634765625,2.0
14053,5432,8358.412109375,2.0
14054,12709,14035.3447265625,5.0
14055,17192,15541.5400390625,1.0
14056,8548,13216.0595703125,2.0
14064,24637,22379.251953125,5.0
14063,21054,18035.59765625,4.0
14065,12183,15516.6943359375,5.0
14062,8435,8366.697265625,3.0
14060,19895,15538.521484375,3.0
14061,17583,18884.166015625,2.0
14059,10351,12149.8837890625,1.0
14058,18138,16789.576171875,2.0
14057,22405,22841.109375,5.0
14071,44422,43121.2265625,1.0
14070,18113,14796.2958984375,3.0
14069,17826,15750.8408203125,1.0
14072,18393,18440.486328125,5.0
14067,11672,14486.3349609375,5.0
14066,9596,13244.4404296875,5.0
14068,15671,16702.951171875,2.0
14082,10626,14755.0927734375,5.0
14075,18525,18542.75,1.0
14076,24183,22865.15625,5.0
14077,16446,13639.849609375,2.0
14078,12875,9263.671875,2.0
14079,11554,10004.68359375,5.0
14080,22193,30289.501953125,3.0
14081,20512,20688.955078125,1.0
14083,21827,27136.75,4.0
14089,15891,15667.673828125,3.0
14090,31818,34689.640625,3.0
14087,16054,14471.037109375,1.0
14092,15253,12307.0126953125,5.0
14088,12073,17254.11328125,1.0
14091,14825,12033.583984375,4.0
14085,13555,12473.7353515625,3.0
14084,10816,15531.587890625,1.0
14086,7833,9196.3134765625,4.0
14099,16317,20554.84375,1.0
14093,25241,27827.755859375,5.0
14094,12613,13180.302734375,5.0
14095,21920,25845.16015625,5.0
14096,35877,38357.99609375,3.0
14097,9304,8988.2421875,3.0
14098,13915,14471.9033203125,5.0
14100,19643,19829.732421875,4.0
14101,25803,25044.0546875,5.0
14102,16657,16327.955078125,5.0
14103,8218,10658.763671875,1.0
14107,10752,13582.1083984375,4.0
14106,16556,15583.1748046875,4.0
14105,16058,16184.03125,4.0
14108,22766,14213.9052734375,3.0
14110,33836,35077.74609375,4.0
14104,6870,11809.5361328125,1.0
14109,12931,9628.7783203125,1.0
14117,14977,19552.357421875,3.0
14116,10612,9477.943359375,5.0
14119,9603,12757.541015625,1.0
14118,11538,11395.58203125,4.0
14114,23273,27043.365234375,2.0
14115,23797,27474.138671875,1.0
14113,9025,7706.84814453125,3.0
14112,15010,14876.8271484375,3.0
14111,13554,15797.15625,2.0
14127,16862,12852.4736328125,4.0
14126,20590,21520.322265625,4.0
14125,39545,31249.2734375,2.0
14124,15304,14478.4775390625,3.0
14123,13987,12587.416015625,4.0
14128,16727,13995.1123046875,3.0
14121,22685,28120.765625,2.0
14120,14759,15852.748046875,1.0
14122,17696,14345.5888671875,1.0
14073,25813,19689.615234375,1.0
14074,10840,12882.3212890625,2.0
14137,10345,11824.646484375,4.0
14136,36723,23668.0078125,2.0
14135,14006,15260.44921875,2.0
14134,13923,14209.8291015625,1.0
14133,35506,26862.9375,5.0
14131,12147,10768.7412109375,3.0
14130,18722,21478.216796875,1.0
14129,26133,25349.38671875,2.0
14132,18056,16703.0234375,3.0
14143,25459,22277.59375,4.0
14146,12769,15857.033203125,5.0
14145,15062,14841.6728515625,3.0
14144,9751,10315.7646484375,1.0
14142,24633,22969.6640625,3.0
14140,14133,13819.82421875,1.0
14139,30047,29817.833984375,5.0
14138,7673,8909.115234375,2.0
14141,12787,11448.9228515625,2.0
14154,11585,17595.341796875,1.0
14147,14092,13493.603515625,5.0
14148,9635,10369.390625,1.0
14149,33998,32827.88671875,2.0
14150,11367,11631.7119140625,5.0
14151,24397,20842.412109375,2.0
14152,14966,13408.7900390625,4.0
14153,26534,22343.9921875,4.0
14155,13891,11488.5400390625,3.0
14163,24187,24891.6953125,1.0
14162,14716,16158.3583984375,3.0
14161,11844,10439.7578125,5.0
14160,23430,22935.37109375,4.0
14164,17471,17714.669921875,4.0
14158,14611,16799.837890625,3.0
14157,28142,37000.12109375,3.0
14156,8360,10262.0927734375,3.0
14159,15496,14844.90234375,4.0
14171,8226,13155.3095703125,3.0
14168,12972,12944.9033203125,4.0
14173,12844,14728.7412109375,1.0
14172,16448,16406.708984375,1.0
14170,12964,11488.8525390625,2.0
14167,25050,24994.296875,3.0
14166,17935,17433.24609375,5.0
14165,34267,36411.609375,3.0
14169,10034,12551.791015625,5.0
14181,18578,16522.21875,1.0
14174,11945,13123.765625,3.0
14175,16877,16717.552734375,2.0
14176,14649,14417.4482421875,5.0
14177,11057,9973.1865234375,1.0
14178,13478,12167.3603515625,3.0
14179,12509,16004.5615234375,1.0
14180,11992,11872.6083984375,1.0
14182,14161,19541.705078125,3.0
14190,30354,21739.9609375,1.0
14189,10939,11520.2470703125,1.0
14188,32014,26478.630859375,3.0
14187,33584,34553.5078125,4.0
14183,8117,8135.166015625,4.0
14185,17715,16604.041015625,2.0
14184,18342,20510.78515625,1.0
14191,11933,14684.673828125,2.0
14186,44131,34570.1015625,3.0
14198,14336,14876.544921875,1.0
14195,13248,11518.11328125,3.0
14200,23656,16952.841796875,2.0
14199,13471,14182.541015625,4.0
14197,15056,15175.4072265625,1.0
14192,23188,27948.158203125,5.0
14194,11993,10658.69140625,2.0
14193,12729,13423.0205078125,1.0
14196,18915,17130.955078125,2.0
14201,10783,13346.521484375,2.0
14202,39814,39562.140625,4.0
14203,26950,25312.896484375,5.0
14204,17159,16814.4296875,4.0
14205,13798,13440.478515625,5.0
14206,24601,29343.15234375,2.0
14207,11115,12327.681640625,3.0
14208,14193,12776.6298828125,4.0
14209,19729,14646.1826171875,3.0
14215,17381,14681.4296875,2.0
14217,13091,14559.013671875,3.0
14216,24544,17616.91796875,4.0
14214,13714,15396.3427734375,3.0
14218,25352,15916.07421875,2.0
14212,18088,20834.521484375,4.0
14211,10445,10387.1923828125,5.0
14210,10012,10357.3525390625,3.0
14213,34954,33633.171875,5.0
14226,15870,15250.880859375,5.0
14225,34822,27486.642578125,4.0
14227,12651,13804.7763671875,2.0
14224,46046,39934.59375,3.0
14223,15302,14780.4150390625,5.0
14222,11118,13204.41015625,3.0
14221,16845,18722.810546875,1.0
14220,15509,16698.46875,5.0
14219,7474,11114.123046875,3.0
14235,12868,12651.96875,2.0
14234,14163,13977.611328125,1.0
14233,12131,12862.4443359375,2.0
14232,22079,25036.388671875,3.0
14236,15463,14243.068359375,4.0
14230,22165,18972.9140625,2.0
14229,26106,29366.328125,1.0
14228,11316,10554.365234375,5.0
14231,20909,15875.4150390625,5.0
14245,8793,10294.294921875,4.0
14244,10769,10703.1904296875,5.0
14243,15118,13126.939453125,3.0
14242,18003,19529.724609375,4.0
14241,10013,10879.669921875,3.0
14239,23849,22069.03125,1.0
14238,36412,26494.890625,4.0
14237,30692,33640.40234375,4.0
14240,28745,27936.345703125,2.0
14252,14268,13324.775390625,2.0
14254,11851,13664.3583984375,1.0
14253,24839,16478.466796875,5.0
14251,14772,14461.080078125,4.0
14250,21310,22817.376953125,3.0
14249,18779,18274.4921875,1.0
14248,11944,8611.2939453125,4.0
14247,17711,23144.18359375,1.0
14246,7208,11627.2783203125,1.0
14262,22332,22243.751953125,2.0
14261,20696,23533.822265625,5.0
14260,12167,8724.5654296875,4.0
14259,16317,14967.86328125,2.0
14263,17617,15920.2880859375,1.0
14257,23254,18914.0703125,4.0
14256,32090,34535.890625,1.0
14255,14125,14646.380859375,4.0
14258,10753,13966.619140625,1.0
14272,7959,10834.2451171875,4.0
14271,10389,10001.6416015625,1.0
14270,8155,9159.7919921875,5.0
14269,13204,12588.5595703125,4.0
14268,8755,13148.548828125,3.0
14266,17870,17719.236328125,1.0
14265,12021,7610.5849609375,2.0
14264,17493,13528.177734375,5.0
14267,8710,10641.9873046875,2.0
14279,12391,15576.0693359375,4.0
14281,9765,13168.9990234375,3.0
14280,8978,10437.046875,4.0
14278,25738,23820.65234375,1.0
14277,22647,21070.337890625,1.0
14276,17454,24781.720703125,5.0
14275,41296,43264.67578125,1.0
14274,15035,17237.078125,1.0
14273,10266,12578.1806640625,3.0
14289,32724,23174.984375,4.0
14288,19393,16245.798828125,3.0
14287,23892,26931.232421875,4.0
14286,19916,17941.7890625,5.0
14290,22116,19191.095703125,5.0
14284,12126,11718.591796875,5.0
14283,18526,18706.93359375,3.0
14282,19587,17807.2578125,2.0
14285,12406,14030.8662109375,1.0
14291,19141,17345.140625,1.0
14292,51879,45920.3046875,5.0
14293,30944,30110.955078125,3.0
14294,26642,34188.0234375,3.0
14295,28055,25898.427734375,3.0
14296,14729,16774.5546875,4.0
14297,14389,20967.05078125,5.0
14298,18487,21476.3125,4.0
14299,22224,16031.6298828125,4.0
14842,11330,13543.2021484375,4.0
14843,17055,20100.46875,1.0
14841,12728,17253.576171875,4.0
14840,27911,24043.033203125,1.0
14838,21748,23307.0390625,5.0
14837,24298,34047.80078125,3.0
14836,16353,15197.1337890625,5.0
14839,15051,25067.17578125,3.0
14844,13785,10871.84375,4.0
14853,11439,9532.1611328125,3.0
14852,52293,35640.8984375,4.0
14850,21657,22342.67578125,1.0
14849,16487,17480.17578125,4.0
14851,10773,11096.998046875,1.0
14847,26256,25331.19140625,4.0
14846,19981,16332.9375,1.0
14845,28118,18315.55859375,4.0
14848,12116,11951.4921875,2.0
14854,13232,16359.5693359375,5.0
14855,19195,19301.09765625,4.0
14856,8716,11091.0166015625,3.0
14857,16510,18054.697265625,4.0
14858,10485,7486.32763671875,3.0
14859,13702,20633.09375,1.0
14860,9453,9760.1943359375,3.0
14861,11230,10869.6943359375,2.0
14862,16029,17204.95703125,5.0
14870,29095,22150.0625,3.0
14869,10706,9603.3759765625,1.0
14871,23698,26668.41796875,5.0
14868,14108,14081.3125,4.0
14867,9144,7620.236328125,3.0
14866,11492,9734.439453125,2.0
14865,8741,10705.3408203125,3.0
14864,13721,19168.14453125,4.0
14863,13137,12770.6474609375,5.0
14879,7347,10512.7607421875,3.0
14878,8180,6954.66162109375,1.0
14877,10837,18301.50390625,2.0
14876,7913,11288.9423828125,1.0
14880,23295,26794.037109375,3.0
14874,10554,11558.2861328125,1.0
14873,13859,22473.83203125,3.0
14872,12883,11803.4384765625,4.0
14875,6707,7310.380859375,5.0
14887,13384,19053.70703125,3.0
14886,15113,17086.986328125,5.0
14884,13159,18762.400390625,5.0
14885,10571,14540.25,3.0
14882,13655,12307.5087890625,3.0
14881,10569,8003.13330078125,2.0
14883,27204,30429.98828125,4.0
14888,13164,11943.349609375,2.0
14889,36477,31073.35546875,3.0
14896,6301,6686.33447265625,4.0
14898,21415,21085.93359375,1.0
14897,9898,10849.173828125,2.0
14895,13016,12891.9716796875,3.0
14893,7287,9755.6591796875,4.0
14892,16804,18124.990234375,1.0
14891,10252,14341.7265625,4.0
14890,14739,11297.931640625,3.0
14894,8377,8416.7958984375,2.0
14899,8086,7518.53173828125,4.0
14905,37945,33703.10546875,2.0
14900,23578,24207.1015625,1.0
14901,13004,12892.833984375,4.0
14902,14037,13082.2001953125,5.0
14903,24149,22790.4296875,1.0
14904,9272,10183.5068359375,3.0
14906,26555,27646.384765625,1.0
14907,14359,12197.802734375,1.0
14908,11334,15657.8994140625,5.0
14909,14062,14733.0458984375,3.0
14910,16380,15188.6455078125,1.0
14911,40034,35766.0390625,3.0
14912,10947,14459.587890625,1.0
14913,14024,13252.625,5.0
14914,16292,17265.78515625,1.0
14923,16760,14112.7392578125,1.0
14922,32378,26021.98046875,2.0
14925,12075,20033.955078125,4.0
14924,13621,12544.5166015625,1.0
14920,28565,27535.09765625,1.0
14921,16411,16863.412109375,5.0
14919,13365,12963.7490234375,1.0
14918,16829,17345.15234375,4.0
14917,27720,28619.609375,1.0
14934,46649,34462.59375,1.0
14932,8248,9626.1298828125,2.0
14931,18512,21673.423828125,5.0
14930,12345,15077.5654296875,5.0
14929,7376,10762.921875,3.0
14933,7754,9278.916015625,5.0
14927,14327,11464.2646484375,4.0
14926,10708,12373.3798828125,1.0
14928,9444,8112.78857421875,3.0
14943,24003,25768.181640625,5.0
14942,31175,39060.3984375,5.0
14941,10886,13265.8017578125,1.0
14940,23083,30010.64453125,5.0
14939,11056,12469.01953125,5.0
14938,10550,17314.84375,1.0
14936,25279,22878.115234375,1.0
14935,17161,15314.75390625,5.0
14937,10429,8436.1318359375,4.0
14951,16362,13717.5087890625,2.0
14948,13197,11999.455078125,1.0
14950,17969,16668.140625,5.0
14949,11141,15001.26171875,2.0
14947,16002,14399.287109375,4.0
14946,12642,13000.20703125,4.0
14945,11063,7215.96875,2.0
14944,10682,9508.2900390625,3.0
14952,34021,27238.83984375,4.0
14915,10045,12363.2705078125,4.0
14916,24184,35026.5625,5.0
14961,17950,20632.896484375,4.0
14960,12206,10667.2265625,1.0
14958,12537,11879.005859375,4.0
14957,18447,18694.708984375,4.0
14959,26547,21353.015625,1.0
14955,13470,11843.3359375,1.0
14954,27852,22694.6953125,4.0
14953,28906,29659.96484375,5.0
14956,12449,13858.48046875,1.0
14970,25638,27453.525390625,3.0
14962,7495,10446.296875,1.0
14963,9644,8927.6884765625,3.0
14964,7319,9012.4501953125,3.0
14965,5698,8616.3359375,4.0
14966,13272,11761.31640625,4.0
14967,10236,10528.99609375,1.0
14968,6292,8774.412109375,5.0
14969,7067,10516.1806640625,3.0
14978,9237,10679.4462890625,5.0
14977,26547,20647.748046875,3.0
14979,19244,16134.8544921875,2.0
14976,29722,29715.826171875,4.0
14975,19010,25200.71484375,3.0
14974,25904,22041.109375,4.0
14973,14318,15303.4052734375,3.0
14972,10175,11264.71875,5.0
14971,15191,10446.314453125,1.0
14987,7104,12256.9677734375,2.0
14986,9119,10628.4541015625,2.0
14985,6080,5426.03173828125,2.0
14984,7013,6509.38134765625,5.0
14988,12905,16009.1240234375,4.0
14982,23725,28549.3984375,1.0
14981,6681,8863.455078125,4.0
14980,11755,10618.1220703125,2.0
14983,7412,5337.845703125,2.0
14997,15881,17466.482421875,5.0
14996,20294,20694.908203125,5.0
14995,10304,9702.8623046875,2.0
14994,16351,12803.3359375,1.0
14993,20049,20476.21875,2.0
14991,18919,25806.63671875,5.0
14990,8773,10185.962890625,4.0
14989,15934,15906.857421875,2.0
14992,10781,11636.4033203125,4.0
15004,22650,26760.79296875,1.0
15006,13633,13260.267578125,2.0
15005,14272,10014.0517578125,3.0
15003,13786,15645.046875,4.0
15002,22309,22423.791015625,2.0
15001,8815,10010.033203125,1.0
15000,14365,16994.9296875,5.0
14999,14925,15052.4921875,1.0
14998,42426,33957.09375,4.0
15014,19705,19783.486328125,2.0
15013,30478,24617.60546875,4.0
15012,13427,14816.455078125,2.0
15011,17864,18770.95703125,3.0
15015,23814,13873.1455078125,1.0
15009,17892,18464.3359375,5.0
15008,12749,10561.2607421875,3.0
15007,15395,12890.923828125,1.0
15010,12093,13389.5126953125,2.0
15024,20879,16884.8125,1.0
15023,11838,10183.0234375,2.0
15022,32329,35998.046875,5.0
15021,22530,12582.205078125,3.0
15020,16196,14632.201171875,1.0
15018,12657,11524.12890625,5.0
15017,30698,29723.44921875,4.0
15016,16392,17167.392578125,3.0
15019,12140,11098.6474609375,3.0
15031,18560,16176.6787109375,2.0
15033,13024,15777.763671875,5.0
15032,9266,11402.7001953125,1.0
15030,12809,12191.6416015625,3.0
15028,10165,10416.7568359375,2.0
15027,11661,10902.0615234375,4.0
15026,17608,21047.599609375,2.0
15025,21420,26096.037109375,5.0
15029,28342,21010.2578125,3.0
15041,9777,8663.4384765625,2.0
15042,30481,33000.22265625,5.0
15040,9238,12410.5107421875,3.0
15039,18926,22926.6015625,5.0
15038,9033,8450.0224609375,5.0
15037,14026,11846.0546875,2.0
15036,19666,18300.669921875,2.0
15035,8110,7905.6083984375,1.0
15034,15101,13599.220703125,5.0
15051,9108,13676.8466796875,2.0
15050,15569,12380.3232421875,1.0
15049,13896,17115.62890625,1.0
15048,30579,20682.7265625,1.0
15043,40372,33525.80078125,2.0
15046,11188,10823.84765625,3.0
15045,12932,12740.8134765625,4.0
15044,16212,15926.0126953125,3.0
15047,9307,11163.6982421875,4.0
15052,8499,8152.24072265625,4.0
15059,34756,33041.8671875,1.0
15055,33378,23661.56640625,4.0
15060,17390,17454.93359375,2.0
15058,13411,13358.25,3.0
15054,15137,12822.4580078125,1.0
15056,13189,14254.673828125,2.0
15057,9391,11135.0400390625,2.0
15053,35528,31207.4296875,2.0
15067,11185,10713.7861328125,5.0
15066,31077,28181.73828125,3.0
15065,8520,14910.830078125,3.0
15068,16196,14809.57421875,1.0
15063,10821,9853.3349609375,4.0
15062,13416,14820.9833984375,4.0
15061,18090,16419.642578125,4.0
15064,13329,12411.5908203125,1.0
15069,33174,22407.9921875,5.0
15077,13743,16233.59765625,2.0
15070,13020,15970.1630859375,3.0
15071,11539,11697.935546875,1.0
15072,15088,14428.880859375,4.0
15073,12013,13076.8369140625,1.0
15074,15704,13215.869140625,2.0
15075,17849,16639.84375,2.0
15076,10290,9961.32421875,4.0
15078,12355,14034.4130859375,2.0
15085,8218,10118.611328125,2.0
15086,15512,15225.720703125,3.0
15084,47790,35309.62890625,3.0
15083,11045,13059.78515625,5.0
15082,26514,23610.154296875,2.0
15081,12547,11612.8662109375,3.0
15080,8650,10204.5751953125,2.0
15079,30673,28971.89453125,2.0
15087,14388,17156.595703125,1.0
15095,11846,13467.5576171875,4.0
15094,39243,27297.37890625,4.0
15093,17523,15385.787109375,5.0
15092,21743,24562.0546875,3.0
15096,15766,13428.5322265625,4.0
15090,9469,10182.4248046875,3.0
15089,32305,23891.93359375,3.0
15088,15178,15243.392578125,2.0
15091,9011,7780.54541015625,5.0
15097,17184,18831.02734375,2.0
15105,17382,14515.875,2.0
15104,12913,17461.23828125,4.0
15103,14016,18968.51953125,2.0
15102,12467,12820.9208984375,4.0
15101,34814,35283.26953125,2.0
15099,23949,26125.20703125,2.0
15098,14414,11118.4326171875,3.0
15100,18293,17799.603515625,1.0
15111,11118,12320.5517578125,4.0
15114,12103,10797.763671875,5.0
15113,17183,27750.779296875,3.0
15112,8039,13067.3310546875,4.0
15110,11736,16085.974609375,4.0
15108,14986,17359.404296875,2.0
15107,40371,23173.6015625,1.0
15106,9059,9241.8388671875,3.0
15109,28484,27475.8203125,3.0
15122,17483,19352.81640625,1.0
15115,17030,15671.8251953125,1.0
15116,45607,45913.3828125,5.0
15117,21648,26782.51171875,2.0
15118,11514,11115.392578125,1.0
15119,32425,22705.09375,2.0
15120,13151,14647.08203125,5.0
15121,13790,13505.3828125,3.0
15123,17489,20059.53125,1.0
15131,20196,19083.12890625,3.0
15130,27392,16172.7578125,5.0
15129,36361,27452.12890625,5.0
15128,26369,22103.830078125,3.0
15132,10639,18341.123046875,3.0
15126,13930,13219.439453125,3.0
15125,11325,12783.408203125,2.0
15124,17394,16765.474609375,5.0
15127,62632,31761.77734375,3.0
15139,30504,33622.16015625,5.0
15136,20151,28381.8125,2.0
15141,8534,12819.0869140625,3.0
15140,14185,16135.478515625,5.0
15138,11742,11499.1181640625,1.0
15135,27583,25673.62109375,4.0
15134,54905,35056.99609375,1.0
15133,26897,21308.28125,5.0
15137,9257,12894.71484375,1.0
15668,15852,21137.455078125,3.0
15669,13809,31158.6796875,3.0
15670,21657,26768.84765625,3.0
15671,37079,26085.3671875,4.0
15672,14296,16467.607421875,3.0
15673,14623,11082.19140625,2.0
15674,18438,18288.91796875,2.0
15675,23166,19792.935546875,4.0
15676,14011,14128.2421875,3.0
15684,42850,36508.47265625,2.0
15683,13143,13705.537109375,2.0
15682,17877,15937.3994140625,1.0
15681,22398,20300.384765625,3.0
15677,16176,19178.640625,5.0
15679,12202,12168.60546875,4.0
15678,22931,27897.216796875,1.0
15685,15033,18043.08984375,4.0
15680,9980,9191.6748046875,5.0
15692,13013,13591.1884765625,5.0
15689,9265,10834.6455078125,2.0
15694,10089,11966.8291015625,2.0
15693,13380,17559.17578125,3.0
15691,20323,18786.74609375,4.0
15686,11088,10627.6611328125,4.0
15688,24734,20764.7890625,1.0
15687,9106,9437.052734375,1.0
15690,13498,12927.5009765625,5.0
15695,21278,18636.8359375,3.0
15696,12281,13026.2958984375,3.0
15697,8097,7103.4677734375,5.0
15698,32099,20376.599609375,5.0
15699,0,34451.28515625,5.0
15700,10465,9971.310546875,5.0
15701,10737,11370.021484375,1.0
15702,18301,15087.7333984375,5.0
15703,23172,22573.833984375,3.0
15705,12431,14043.919921875,1.0
15711,14420,13375.5966796875,5.0
15712,12174,17714.30859375,1.0
15710,11568,9327.7138671875,5.0
15713,12115,11654.1552734375,2.0
15708,15232,14110.427734375,4.0
15707,27764,26579.76953125,3.0
15706,11144,12810.9130859375,1.0
15709,11766,12035.0263671875,3.0
15720,14165,19785.482421875,3.0
15719,10144,10618.3681640625,3.0
15722,26762,26405.263671875,3.0
15718,13731,10109.30859375,5.0
15721,12899,17394.4921875,2.0
15716,8467,6820.9443359375,5.0
15715,15214,19160.009765625,4.0
15714,21132,21212.876953125,4.0
15717,9870,7502.5400390625,4.0
15723,12379,10978.109375,5.0
15730,8276,10288.3115234375,1.0
15729,13408,12749.6015625,2.0
15728,19505,22403.966796875,3.0
15731,12529,16859.95703125,1.0
15726,11953,16214.35546875,3.0
15725,42723,22395.40625,2.0
15724,19181,19760.666015625,3.0
15727,11497,11863.9609375,4.0
15739,8197,9767.1884765625,4.0
15738,35239,33258.31640625,5.0
15737,11059,11694.2197265625,5.0
15736,40761,22641.6640625,3.0
15734,11952,15382.67578125,5.0
15733,6113,7373.75341796875,2.0
15732,11413,11114.0244140625,5.0
15735,11436,10782.8154296875,4.0
15740,21452,25143.8359375,3.0
15747,19164,19783.28515625,2.0
15749,16992,18062.9140625,5.0
15748,9882,8695.0908203125,4.0
15746,25382,18457.375,4.0
15744,6096,7239.6083984375,1.0
15743,11188,13310.94921875,2.0
15742,26058,22499.09765625,1.0
15741,12367,13895.0615234375,5.0
15745,9065,11731.4248046875,1.0
15758,19367,14195.0341796875,2.0
15757,13845,11695.298828125,3.0
15755,13040,13934.2314453125,2.0
15754,15077,15500.234375,3.0
15756,38226,39675.53125,2.0
15752,23442,24562.28515625,4.0
15751,8665,11238.357421875,5.0
15750,25851,21666.845703125,4.0
15753,17339,11605.5361328125,3.0
15766,17573,19969.173828125,2.0
15759,43564,44379.62890625,3.0
15760,12105,13907.3583984375,1.0
15761,13650,14542.283203125,3.0
15762,18261,18515.095703125,2.0
15763,35550,27190.55078125,4.0
15764,17286,15011.0693359375,5.0
15765,38966,24582.21875,5.0
15767,9686,11479.6337890625,3.0
15773,12654,15133.544921875,1.0
15774,14457,14973.7353515625,4.0
15771,36505,25956.623046875,4.0
15772,35533,32980.9375,4.0
15769,15122,15943.0478515625,4.0
15768,12945,13058.05078125,5.0
15770,23722,24235.59765625,5.0
15785,12960,12759.7607421875,2.0
15784,15479,12062.6943359375,2.0
15782,7451,8253.6875,2.0
15781,12224,14318.2666015625,5.0
15780,20781,19597.580078125,3.0
15783,17451,17915.4921875,5.0
15778,11003,9942.806640625,1.0
15777,13348,12979.9189453125,3.0
15779,19606,22689.048828125,3.0
15786,13544,16627.328125,2.0
15787,54350,43379.65234375,5.0
15788,26485,25338.453125,3.0
15789,10073,11378.298828125,4.0
15790,24176,28153.431640625,1.0
15791,12639,12248.0009765625,5.0
15792,11339,14042.9130859375,3.0
15794,19668,19325.978515625,4.0
15793,18863,15525.5234375,3.0
15776,15873,15284.5380859375,1.0
15775,9515,13274.5556640625,5.0
15801,11373,13320.37890625,5.0
15798,27387,29570.62890625,2.0
15803,20616,16424.2109375,5.0
15802,30188,18987.267578125,2.0
15800,22635,17052.47265625,5.0
15797,8982,10186.88671875,1.0
15796,9272,7859.93017578125,3.0
15795,30776,31182.208984375,1.0
15799,15305,15233.728515625,2.0
15811,10860,11769.791015625,5.0
15804,13302,12199.7900390625,5.0
15805,8840,10597.5537109375,5.0
15806,13445,8630.4755859375,1.0
15807,12052,10398.1123046875,2.0
15808,17348,25206.359375,4.0
15809,10898,12446.0341796875,2.0
15810,12673,10042.9794921875,1.0
15812,23277,10828.875,1.0
15820,18012,20313.05859375,4.0
15819,13431,15188.8310546875,2.0
15818,16261,13574.083984375,5.0
15817,11095,12347.380859375,3.0
15821,15101,14353.337890625,1.0
15815,15491,24716.935546875,1.0
15814,8123,9675.3505859375,2.0
15813,39205,37481.86328125,1.0
15816,19254,17108.041015625,2.0
15829,3594,8911.16015625,1.0
15828,15363,15434.2314453125,1.0
15830,10415,14221.2431640625,3.0
15827,30078,25024.73046875,3.0
15826,24119,26035.84375,1.0
15825,11963,14249.1669921875,1.0
15824,26494,33891.984375,5.0
15823,16632,17547.880859375,4.0
15822,14931,13062.830078125,5.0
15831,10541,11214.8818359375,2.0
15832,18378,23770.328125,4.0
15833,24544,24601.21484375,1.0
15834,8523,10532.1806640625,5.0
15835,11887,13567.8984375,3.0
15836,16369,19845.85546875,1.0
15837,16211,18660.26171875,5.0
15838,11303,13631.8359375,5.0
15839,12026,14839.046875,2.0
15840,14252,14458.65625,4.0
15841,16724,13435.357421875,4.0
15842,39224,33740.3359375,4.0
15843,9219,9780.8037109375,5.0
15844,26949,24583.5625,5.0
15845,15383,15245.0556640625,4.0
15846,12034,10830.4228515625,4.0
15847,18100,15692.5595703125,2.0
15848,18124,19396.318359375,1.0
15857,21102,19031.83203125,2.0
15856,14014,18709.14453125,4.0
15855,13329,15024.181640625,2.0
15854,15124,20221.73828125,4.0
15853,13447,17087.21875,4.0
15852,24903,21674.095703125,3.0
15851,12191,13270.1279296875,3.0
15850,32759,36517.71875,1.0
15849,8718,11730.1357421875,2.0
15865,21091,23604.142578125,4.0
15864,15312,13323.54296875,3.0
15863,17468,18421.09765625,1.0
15862,17234,14564.57421875,4.0
15866,11640,8833.517578125,1.0
15860,9022,10183.765625,3.0
15859,42308,37231.07421875,3.0
15858,19839,17495.541015625,4.0
15861,12696,14281.201171875,3.0
15875,17490,19377.166015625,3.0
15874,22941,16980.203125,1.0
15873,19059,25319.111328125,5.0
15872,23981,19417.865234375,3.0
15871,10352,11018.6279296875,5.0
15869,18444,18087.416015625,5.0
15868,19097,21758.890625,4.0
15867,14182,10582.58984375,4.0
15870,25045,23117.453125,1.0
15882,11937,14314.298828125,1.0
15884,10231,13551.544921875,4.0
15883,5996,7022.36865234375,3.0
15881,14850,13517.529296875,3.0
15880,19569,20043.126953125,1.0
15879,9919,10547.4501953125,5.0
15878,18805,17702.15625,1.0
15877,31652,37405.20703125,1.0
15876,17834,17397.603515625,5.0
15892,15093,17168.662109375,3.0
15891,28303,25150.87890625,4.0
15890,9916,8955.9111328125,4.0
15889,23438,22013.8984375,1.0
15893,17807,20330.3984375,3.0
15887,9022,9427.03515625,5.0
15886,12848,9958.0966796875,4.0
15885,17006,15653.6337890625,1.0
15888,22187,21156.1171875,1.0
15902,12433,14111.3330078125,3.0
15901,22936,24274.95703125,5.0
15900,12953,12801.47265625,2.0
15899,18127,17714.35546875,4.0
15898,10493,11096.759765625,5.0
15896,11652,11128.2373046875,3.0
15895,22945,20890.958984375,4.0
15894,11684,9938.3515625,1.0
15897,13221,15342.6337890625,2.0
15909,11971,13863.115234375,2.0
15911,12632,11884.37109375,1.0
15910,17516,12048.1708984375,1.0
15908,17265,20877.4453125,1.0
15907,5416,6802.69482421875,1.0
15906,6115,8301.7080078125,3.0
15905,23294,29265.861328125,5.0
15904,17939,19698.51171875,4.0
15903,13699,11927.9677734375,5.0
15919,6678,6498.2001953125,4.0
15918,16304,14539.759765625,1.0
15917,17615,17277.125,2.0
15916,21964,22767.95703125,1.0
15920,15083,14480.1943359375,2.0
15914,11901,10408.4091796875,5.0
15913,15577,15917.1630859375,1.0
15912,18914,19391.943359375,3.0
15915,19310,21652.015625,1.0
15929,10262,9184.4931640625,5.0
15928,10609,11345.361328125,1.0
15927,13048,18503.021484375,4.0
15926,7001,6114.5205078125,2.0
15925,9375,13623.1806640625,3.0
15923,8539,9389.5966796875,4.0
15922,7474,10061.248046875,4.0
15921,19977,24359.736328125,3.0
15924,5599,7414.80908203125,3.0
15936,27384,21637.115234375,4.0
15938,13098,14278.3515625,3.0
15937,10536,11135.8173828125,2.0
15935,10386,13296.646484375,3.0
15934,8094,7029.46484375,4.0
15933,12826,14539.87890625,1.0
15932,15695,17336.69140625,3.0
15931,26566,27254.51171875,2.0
15930,15184,14148.216796875,4.0
15945,23378,17515.58203125,4.0
15944,19169,18388.240234375,2.0
15943,12895,12854.1201171875,2.0
15947,14024,13482.724609375,3.0
15941,13983,11643.4541015625,4.0
15940,27809,27649.421875,2.0
15939,9251,10792.7275390625,5.0
15942,13142,17287.16015625,5.0
15946,40571,35959.109375,5.0
15956,6259,10862.923828125,1.0
15955,15791,19278.263671875,4.0
15954,17352,17969.890625,4.0
15953,14067,12098.0185546875,2.0
15951,11836,9636.4384765625,3.0
15950,56758,58004.41796875,5.0
15949,20261,22912.0546875,2.0
15948,19404,18485.966796875,1.0
15952,42059,22298.171875,3.0
15963,18587,20710.859375,3.0
15965,19235,21234.78515625,1.0
15964,23330,22949.072265625,4.0
15962,21695,20563.2578125,5.0
15961,15071,12513.1171875,5.0
15960,29379,28990.166015625,2.0
15959,15468,20547.42578125,1.0
15958,13470,10311.556640625,4.0
15957,17152,15803.7255859375,4.0
15966,25318,20922.076171875,1.0
15967,53091,40839.8671875,2.0
15968,12035,12822.6416015625,5.0
15969,32538,29714.666015625,5.0
15974,17274,14030.6181640625,4.0
15971,19824,15362.6015625,3.0
15972,17574,15731.98828125,2.0
15973,17189,15789.8486328125,2.0
15970,2104,16705.0546875,2.0
16810,14446,15354.37109375,5.0
16809,24027,14856.3203125,1.0
16808,38123,32720.908203125,2.0
16807,11580,15299.35546875,3.0
16803,19375,17621.458984375,2.0
16805,18332,23210.265625,1.0
16804,33558,24830.8203125,3.0
16806,14671,14696.171875,1.0
16811,19736,18760.603515625,2.0
16812,9082,10738.056640625,4.0
16818,21689,15127.287109375,2.0
16820,17091,16070.2099609375,4.0
16819,17695,15707.34375,5.0
16817,40802,39138.609375,3.0
16816,11851,13357.361328125,2.0
16815,30492,26742.490234375,1.0
16814,17295,13961.984375,4.0
16813,19537,24673.265625,2.0
16821,13047,16979.087890625,2.0
16822,18193,24721.46484375,2.0
16823,19103,16830.81640625,3.0
16824,26302,21145.66796875,5.0
16825,13529,12578.78515625,4.0
16826,11315,11373.123046875,4.0
16827,16053,13654.705078125,5.0
16828,21218,13740.5869140625,1.0
16829,12081,12916.953125,5.0
16831,10702,9918.185546875,1.0
16830,8539,9492.8466796875,1.0
16832,14706,16472.255859375,1.0
16833,7321,11041.5849609375,3.0
16834,37154,30933.072265625,5.0
16835,17643,17372.158203125,2.0
16836,20743,22065.171875,3.0
16837,11577,11450.8310546875,1.0
16838,12378,12974.2158203125,1.0
16847,10261,15468.15625,2.0
16846,24992,26117.15234375,3.0
16845,8852,13474.6201171875,4.0
16844,15494,12306.4736328125,2.0
16843,14581,14860.076171875,1.0
16842,16027,15251.927734375,5.0
16841,15080,17665.01171875,1.0
16840,20207,20623.083984375,5.0
16839,18514,12859.11328125,3.0
16848,10076,11299.505859375,3.0
16855,14538,15053.396484375,1.0
16854,33793,38315.734375,2.0
16853,24369,24212.353515625,2.0
16856,9986,13104.119140625,4.0
16851,8033,7341.498046875,5.0
16850,7067,10956.4736328125,2.0
16849,13644,14015.60546875,5.0
16852,16068,20060.21484375,1.0
16864,16953,15653.6591796875,4.0
16863,11524,10879.47265625,2.0
16862,29803,36183.94921875,1.0
16861,9242,9812.5771484375,4.0
16859,11653,12179.00390625,1.0
16858,13772,13443.373046875,1.0
16857,12275,15084.1435546875,5.0
16860,20388,23158.755859375,3.0
16865,17417,14399.212890625,2.0
16872,17052,15147.392578125,2.0
16874,13708,13273.7958984375,4.0
16873,19284,23930.091796875,4.0
16871,17173,18628.099609375,4.0
16870,9603,11084.4189453125,1.0
16869,11348,11049.232421875,1.0
16868,22318,24528.865234375,2.0
16867,20961,16160.541015625,5.0
16866,17011,14711.6884765625,5.0
16882,18398,18442.421875,1.0
16881,15566,14952.212890625,1.0
16880,42604,27159.90234375,2.0
16879,13960,11327.9658203125,5.0
16883,20792,13091.4580078125,5.0
16877,53148,52974.375,4.0
16876,12188,12881.5986328125,5.0
16875,11375,13101.490234375,1.0
16878,15340,13956.8310546875,4.0
16884,16916,17006.611328125,5.0
16885,25009,23450.91015625,5.0
16886,14029,12266.8291015625,4.0
16887,21141,19193.09765625,5.0
16888,22514,32742.255859375,4.0
16889,9157,11753.5810546875,5.0
16890,14368,16070.0302734375,1.0
16898,10648,13839.080078125,1.0
16901,17372,18685.87109375,4.0
16900,14397,14386.455078125,5.0
16899,42070,28967.08203125,1.0
16897,19195,19276.8671875,3.0
16896,10350,8743.7646484375,3.0
16895,19784,23456.40625,1.0
16894,8285,9695.7939453125,1.0
16893,16952,19894.328125,2.0
16902,6701,8555.3720703125,5.0
16910,14825,17031.923828125,5.0
16908,18842,16933.59765625,2.0
16907,12978,12914.953125,2.0
16906,13523,16025.4521484375,3.0
16909,42995,43539.7890625,5.0
16904,11743,13497.9638671875,1.0
16903,9159,8463.8642578125,3.0
16905,16764,24611.923828125,3.0
16911,13165,12113.74609375,4.0
16912,7894,9866.6904296875,5.0
16913,13248,10480.6396484375,2.0
16914,23460,26728.23828125,5.0
16915,14881,14112.2666015625,5.0
16916,18906,18655.70703125,4.0
16917,10460,14545.21875,1.0
16919,41269,44576.18359375,5.0
16928,19249,15932.6845703125,5.0
16925,35044,33491.6484375,3.0
16927,13055,14355.43359375,3.0
16926,11276,14811.5390625,3.0
16923,17155,16164.0615234375,2.0
16924,23439,27661.751953125,4.0
16921,13662,21779.82421875,5.0
16920,23197,23854.55078125,1.0
16922,14906,13856.9814453125,1.0
16892,13110,14449.5693359375,2.0
16891,12620,12655.787109375,1.0
16936,19030,25402.69921875,3.0
16929,12753,12633.1591796875,4.0
16930,13241,14062.216796875,2.0
16931,44424,38506.76171875,4.0
16932,11352,11918.263671875,4.0
16933,20857,20165.40625,4.0
16934,13007,12797.939453125,4.0
16935,17617,17280.18359375,2.0
16937,18437,17778.083984375,1.0
16946,16871,11240.861328125,2.0
16945,12286,16439.802734375,4.0
16944,18143,17114.08984375,2.0
16943,14616,15610.248046875,2.0
16942,15848,21549.025390625,4.0
16938,21490,17841.314453125,4.0
16940,11175,9849.3447265625,2.0
16939,28928,29265.36328125,3.0
16941,13288,12596.048828125,1.0
16918,9997,12171.3759765625,3.0
16955,12376,15613.0322265625,5.0
16952,11019,11577.1005859375,1.0
16954,22332,17200.064453125,2.0
16953,15456,16118.5703125,3.0
16950,43606,39139.1640625,3.0
16949,13867,20880.1015625,5.0
16948,14320,12617.3056640625,2.0
16947,12644,16369.3740234375,2.0
16951,41363,29693.07421875,4.0
16963,14037,11891.1259765625,3.0
16962,24316,26064.2109375,4.0
16961,18605,22006.7734375,3.0
16960,10752,10529.4345703125,2.0
16964,14364,16292.1162109375,4.0
16958,23793,17193.0390625,4.0
16957,11371,10466.6708984375,4.0
16956,13373,15187.2353515625,4.0
16959,20575,23976.73046875,1.0
16973,7524,9493.0302734375,4.0
16972,7966,12576.373046875,2.0
16971,7696,10674.0166015625,4.0
16970,13422,10460.404296875,2.0
16969,7015,6664.19189453125,2.0
16967,12727,18115.880859375,2.0
16966,6923,10548.1982421875,2.0
16965,10849,13086.4453125,2.0
16968,8038,9640.7919921875,3.0
16979,17625,17485.359375,4.0
16981,14497,13668.212890625,3.0
16982,16787,18493.54296875,1.0
16978,12144,15184.640625,2.0
16980,17259,19976.052734375,1.0
16976,14055,13754.7177734375,4.0
16975,41492,29752.962890625,5.0
16974,12488,14256.8955078125,5.0
16977,22175,20637.484375,1.0
17001,11156,10614.5546875,4.0
16990,15174,17174.599609375,4.0
16989,20679,20674.779296875,2.0
16988,17624,17380.09765625,3.0
16991,11960,12357.7783203125,1.0
16986,20040,18027.720703125,5.0
16985,17804,18532.32421875,2.0
16984,11206,11040.9814453125,2.0
16983,13070,12906.6982421875,1.0
16987,14176,12642.0380859375,1.0
17000,15794,11483.87109375,3.0
16999,9538,12068.2138671875,4.0
16998,19650,23216.984375,2.0
16997,15610,12941.4921875,5.0
16996,10411,9304.1943359375,1.0
16994,16635,16107.5107421875,1.0
16993,22363,22039.18359375,5.0
16992,6100,9470.8076171875,5.0
16995,14848,16576.388671875,2.0
17008,17093,13746.14453125,5.0
17009,16689,16442.6015625,3.0
17007,15946,9876.830078125,4.0
17006,27447,26340.83984375,3.0
17004,19154,14712.08203125,2.0
17003,12383,7877.005859375,4.0
17002,15757,12429.4296875,4.0
17005,12164,11007.5029296875,2.0
17017,15451,15488.208984375,4.0
17018,14471,17556.955078125,4.0
17016,14724,13238.9248046875,3.0
17015,17442,16999.00390625,3.0
17014,19207,19601.625,5.0
17013,37978,28188.126953125,4.0
17012,36185,35555.77734375,3.0
17011,16554,15298.87890625,5.0
17010,10096,8564.7236328125,2.0
17026,7385,9025.87890625,4.0
17027,15333,17940.771484375,2.0
17025,33932,33454.984375,3.0
17024,16700,15871.0947265625,5.0
17020,9113,11237.939453125,3.0
17022,19011,22010.185546875,5.0
17021,19615,26274.58203125,4.0
17019,14136,16838.25390625,5.0
17023,18321,16110.6875,4.0
17031,13916,15272.15234375,4.0
17030,14637,13227.2939453125,4.0
17033,22632,21439.611328125,5.0
17028,14573,14508.0615234375,3.0
17029,14954,14658.0732421875,2.0
17034,33467,34838.86328125,1.0
17035,14985,16166.2587890625,5.0
17032,8002,9948.2861328125,3.0
17045,23957,33169.6953125,4.0
17044,22380,21303.62109375,1.0
17037,8137,10578.62109375,1.0
17038,22328,21690.9375,3.0
17039,12230,12802.59375,5.0
17040,11069,13018.607421875,2.0
17041,25336,24902.201171875,1.0
17042,21008,18106.103515625,3.0
17043,10501,12316.3173828125,1.0
17050,18625,18105.994140625,2.0
17049,14471,14107.0673828125,5.0
17048,30999,27608.572265625,4.0
17047,20238,17837.25,2.0
17046,12635,13243.9931640625,5.0
17052,12131,13109.4453125,5.0
17054,19232,23280.5703125,3.0
17051,10520,10567.6142578125,3.0
17053,18052,20145.123046875,2.0
17036,15412,13094.1015625,5.0
17063,16438,18322.548828125,3.0
17062,29030,25065.232421875,5.0
17061,9672,11638.0322265625,4.0
17059,13053,13574.138671875,3.0
17060,11570,10614.2060546875,1.0
17057,14046,14160.97265625,4.0
17056,36671,23424.521484375,4.0
17055,13737,10769.681640625,1.0
17058,22573,23468.6640625,5.0
17072,16871,16817.73828125,5.0
17064,15685,17205.861328125,4.0
17065,10254,11377.3779296875,3.0
17066,11102,11923.271484375,3.0
17067,17371,16578.04296875,1.0
17068,18810,19515.1640625,2.0
17069,35015,28605.376953125,4.0
17070,10103,11532.6982421875,2.0
17071,24300,22460.537109375,1.0
17074,8191,9905.8583984375,4.0
17075,22577,27803.740234375,5.0
17076,22598,20929.958984375,4.0
17077,31324,24881.0234375,4.0
17078,13399,12205.9619140625,2.0
17079,19751,19026.0078125,3.0
17080,13707,13195.7490234375,4.0
17081,13633,16474.923828125,5.0
17082,18638,22530.615234375,1.0
17090,14227,15558.4384765625,3.0
17089,38952,36600.61328125,4.0
17091,12238,11756.1513671875,1.0
17087,11508,14719.08203125,4.0
17086,12045,13949.849609375,2.0
17085,17462,14028.9091796875,4.0
17084,11062,13267.0322265625,4.0
17083,23701,23414.22265625,3.0
17088,19263,20646.447265625,5.0
17099,12497,11610.8349609375,2.0
17098,46597,47230.61328125,2.0
17097,22755,20018.404296875,5.0
17096,13860,11814.6123046875,5.0
17100,17435,21241.06640625,1.0
17094,16970,19954.9765625,4.0
17093,25272,20672.89453125,5.0
17092,8281,10345.6328125,5.0
17095,18092,15429.0322265625,2.0
17109,18219,18091.6171875,4.0
17108,13127,13217.0625,4.0
17107,52133,48548.73828125,5.0
17106,25151,21120.404296875,5.0
17105,33210,23362.576171875,4.0
17103,44226,33165.04296875,1.0
17102,22511,24201.9609375,4.0
17101,30753,29410.4609375,4.0
17104,14036,13589.634765625,2.0
17899,23862,18360.1796875,1.0
17901,25776,27071.55078125,5.0
17900,24898,31496.904296875,5.0
17898,14058,13149.611328125,1.0
17897,13416,16440.810546875,5.0
17896,19762,16943.15625,4.0
17895,18120,14819.3212890625,1.0
17894,14333,12838.275390625,1.0
17902,32463,26353.892578125,4.0
17903,19696,19258.646484375,4.0
17904,21871,21747.556640625,1.0
17905,12696,11957.5791015625,4.0
17906,12487,16025.919921875,1.0
17907,16968,14909.564453125,3.0
17910,27061,23576.2421875,3.0
17911,16918,15914.4248046875,3.0
17908,14103,15053.9892578125,2.0
17909,43826,33263.29296875,4.0
17912,11488,18652.59375,3.0
17913,20535,18266.095703125,2.0
17914,13460,11194.28515625,5.0
17915,15826,16888.822265625,5.0
17916,27946,28044.615234375,3.0
17917,20771,20181.7578125,5.0
17918,8697,12398.208984375,1.0
17919,10280,10123.6240234375,5.0
17920,16513,20838.650390625,1.0
17926,16026,15627.349609375,4.0
17927,11002,11412.232421875,2.0
17925,15996,19637.8046875,5.0
17924,9232,9604.9208984375,4.0
17923,14627,24979.478515625,2.0
17922,9567,10851.3720703125,2.0
17921,10436,11962.05078125,1.0
17928,13452,11699.33203125,4.0
17929,14419,17073.013671875,3.0
17930,22766,21756.98046875,1.0
17931,9587,9308.91796875,3.0
17938,34231,25134.4609375,1.0
17937,8052,10345.654296875,1.0
17935,11271,9902.3466796875,2.0
17936,20249,21919.705078125,4.0
17933,23955,21659.81640625,3.0
17932,9479,10875.484375,3.0
17934,9144,10924.96875,4.0
17947,10470,11660.3408203125,2.0
17939,38382,35638.70703125,2.0
17940,12417,18832.978515625,5.0
17941,21254,14559.482421875,2.0
17942,18011,15785.931640625,3.0
17943,10027,11384.2958984375,5.0
17944,18402,19086.560546875,5.0
17945,19764,12799.22265625,4.0
17946,18210,22129.2421875,4.0
17949,8602,8790.453125,4.0
17948,13731,20181.103515625,4.0
17951,31012,32992.90234375,3.0
17952,29208,27859.853515625,1.0
17953,9659,10094.1953125,5.0
17954,13039,10342.98828125,2.0
17956,14385,12615.822265625,3.0
17961,12123,10352.7138671875,1.0
17965,9080,10402.3623046875,3.0
17964,9332,13089.0439453125,2.0
17963,25450,27790.99609375,5.0
17962,15914,16748.34765625,1.0
17959,18508,14563.341796875,4.0
17958,12678,12585.1591796875,3.0
17957,8957,12197.55078125,4.0
17960,25106,22690.1015625,2.0
17969,23625,24673.962890625,3.0
17967,42547,34360.67578125,2.0
17966,33941,22440.08203125,2.0
17968,14379,14071.271484375,4.0
17970,14032,13024.396484375,1.0
17974,26518,29405.6015625,3.0
17973,17607,20814.82421875,2.0
17971,12594,14999.5478515625,3.0
17972,11382,9873.84375,3.0
17980,17038,18076.205078125,1.0
17978,12418,13797.21875,3.0
17979,24805,19283.080078125,5.0
17977,27669,26145.7578125,5.0
17981,11338,12410.203125,4.0
17975,20219,13120.3271484375,1.0
17976,23812,18059.083984375,1.0
17991,16733,14611.826171875,2.0
17992,14155,14629.5673828125,5.0
17990,27439,26887.439453125,3.0
17989,13029,12108.83984375,5.0
17987,12504,14863.828125,5.0
17986,18021,24966.427734375,5.0
17988,13880,16737.412109375,3.0
17984,13977,12737.9326171875,5.0
17985,15000,20941.48828125,5.0
17993,13046,17860.408203125,4.0
17994,17299,21028.80078125,5.0
17995,8956,12439.7978515625,4.0
17996,12892,15766.1875,5.0
17998,8048,13612.1005859375,2.0
17999,20215,17966.8984375,1.0
18001,20177,19898.46875,3.0
18000,10184,10820.421875,3.0
17997,33763,40022.19140625,5.0
18006,11581,7640.2744140625,5.0
18008,18363,24929.861328125,3.0
18010,17220,17012.07421875,1.0
18007,17499,17418.73046875,1.0
18004,7729,10064.05859375,1.0
18005,15895,13707.8271484375,3.0
18002,13616,12644.4873046875,5.0
18003,8011,9338.1611328125,2.0
18019,21373,22617.83203125,2.0
18017,37805,34695.40625,5.0
18016,13380,16610.61328125,2.0
18015,12446,10929.3505859375,1.0
18014,14289,17773.18359375,2.0
18013,13264,16383.716796875,2.0
18018,10147,10268.0126953125,4.0
18011,20554,25947.427734375,5.0
18012,15049,15212.8154296875,2.0
17955,6499,6984.3564453125,4.0
17950,5870,9058.22265625,2.0
18020,51674,44496.62109375,4.0
18021,9534,9903.548828125,5.0
18023,8133,11905.5888671875,5.0
18024,20381,24970.92578125,3.0
18025,20969,21195.697265625,5.0
18026,7980,12331.3251953125,3.0
18027,22257,24200.6484375,4.0
18028,14509,13670.3447265625,4.0
18022,46413,31323.900390625,3.0
17983,29397,27720.37890625,5.0
17982,15358,21086.46875,2.0
18036,18226,14416.5537109375,4.0
18033,10517,11843.185546875,2.0
18037,14450,16393.857421875,5.0
18035,24656,22137.1875,5.0
18034,18875,18026.0390625,2.0
18032,11341,12630.341796875,1.0
18030,12510,15565.4921875,1.0
18031,24793,23091.55078125,2.0
18029,15166,16977.560546875,5.0
18009,24368,31504.75,3.0
18045,12070,12996.802734375,5.0
18044,19055,25927.265625,3.0
18043,11816,13387.19140625,5.0
18042,21240,26473.576171875,2.0
18046,33546,22152.05859375,1.0
18040,9643,12241.9658203125,4.0
18039,29462,37164.53125,2.0
18038,31636,19623.9296875,1.0
18041,26612,20257.16796875,1.0
18055,9858,12017.2138671875,4.0
18054,18509,18251.8671875,1.0
18053,14502,14719.86328125,1.0
18052,7011,9222.8974609375,3.0
18051,13677,13827.7216796875,1.0
18049,10742,10998.66015625,3.0
18048,21524,22400.978515625,4.0
18050,10435,9192.416015625,5.0
18047,15415,17571.38671875,2.0
18064,16551,16673.015625,3.0
18061,16780,12086.8779296875,2.0
18063,13008,11059.7578125,5.0
18062,19482,20286.29296875,1.0
18060,10416,10414.1357421875,1.0
18058,19052,20503.212890625,4.0
18057,17978,16984.3984375,3.0
18056,27875,36863.140625,3.0
18059,16410,19643.6796875,3.0
18072,7064,6248.9765625,4.0
18071,9079,7452.9873046875,4.0
18070,7033,10091.236328125,3.0
18069,14432,14764.146484375,4.0
18073,6497,8903.8173828125,5.0
18067,9873,8652.9267578125,2.0
18066,6696,12261.220703125,5.0
18065,14056,15726.0986328125,5.0
18068,7090,6983.73681640625,1.0
18082,10618,13674.4794921875,4.0
18081,25845,18168.548828125,1.0
18080,13076,14623.630859375,4.0
18079,23540,24809.12109375,2.0
18078,14837,14497.716796875,2.0
18076,14095,13102.3466796875,4.0
18075,22374,23199.6171875,5.0
18074,53951,36336.43359375,4.0
18077,19388,20673.671875,1.0
18091,19370,12415.7568359375,3.0
18090,12310,14908.681640625,3.0
18089,12072,11364.2197265625,2.0
18087,24103,19708.9375,1.0
18088,23028,20535.310546875,2.0
18085,12048,9877.16015625,2.0
18084,30249,25894.21875,5.0
18083,13612,14324.986328125,3.0
18086,13808,13740.5634765625,3.0
18099,10097,12000.51171875,4.0
18098,11212,13039.2705078125,5.0
18097,32444,23329.423828125,2.0
18096,14353,12476.724609375,3.0
18100,12803,15711.93359375,1.0
18094,15508,16489.18359375,4.0
18093,14096,16150.255859375,2.0
18092,25772,24793.380859375,5.0
18095,23510,20313.666015625,3.0
18101,29104,31081.44140625,2.0
18102,10106,10536.173828125,3.0
18103,12170,13039.1611328125,5.0
18104,28291,25442.96484375,2.0
18105,20016,16759.38671875,2.0
18106,18467,20872.494140625,3.0
18107,17355,23979.4375,1.0
18108,12911,12560.044921875,1.0
18109,13982,16432.12890625,5.0
18116,13419,14489.125,1.0
18117,19477,13887.162109375,1.0
18115,29508,21664.173828125,1.0
18114,23144,24184.822265625,2.0
18112,11376,10724.693359375,4.0
18111,13009,14985.3896484375,2.0
18110,16873,15921.9091796875,5.0
18113,10135,10656.6240234375,4.0
18118,16530,15450.708984375,5.0
18127,11853,15674.6923828125,4.0
18126,26520,27260.068359375,5.0
18124,44176,41517.09375,3.0
18123,11238,12164.5126953125,2.0
18125,27880,26425.12890625,2.0
18121,8577,11398.8447265625,2.0
18120,9480,9469.2578125,4.0
18119,14233,17295.431640625,3.0
18122,19805,22612.421875,1.0
18128,10059,10490.958984375,1.0
18136,14877,19394.9140625,5.0
18129,21791,17383.9296875,3.0
18130,29123,30190.947265625,1.0
18131,7960,9286.3623046875,2.0
18132,14208,11314.8984375,1.0
18133,14486,14441.8681640625,1.0
18134,10664,12847.5830078125,2.0
18135,14379,18265.333984375,3.0
18145,13644,14572.4765625,5.0
18142,28167,33079.8828125,5.0
18144,17921,25209.470703125,2.0
18141,12314,9852.0390625,1.0
18143,18744,23285.84765625,1.0
18139,23759,19733.837890625,2.0
18138,12815,13338.23046875,4.0
18137,16668,17155.47265625,4.0
18140,23068,25643.251953125,1.0
18153,29481,23280.796875,3.0
18152,33493,30666.23828125,2.0
18151,22059,16059.7607421875,2.0
18150,8771,12405.2841796875,5.0
18154,12068,11224.517578125,2.0
18148,21107,29690.431640625,5.0
18147,13787,13504.0126953125,4.0
18146,15787,16951.798828125,3.0
18149,9826,9140.26171875,1.0
18163,30141,25350.80859375,5.0
18162,37005,39223.60546875,2.0
18161,11155,12107.1728515625,5.0
18160,11749,12499.5283203125,2.0
18159,26202,22822.04296875,1.0
18157,9043,11354.7685546875,2.0
18156,11807,10489.1640625,1.0
18155,16476,15969.3046875,2.0
18158,25017,23256.42578125,1.0
18169,25722,18042.810546875,4.0
18171,43415,43429.1953125,4.0
18172,14975,14948.09375,1.0
18168,14088,10529.4921875,1.0
18170,9894,12455.5546875,4.0
18166,11650,11360.37109375,1.0
18165,10665,9786.1591796875,2.0
18164,20086,15682.158203125,1.0
18167,10525,11871.6416015625,2.0
18181,29692,30145.404296875,5.0
18180,38380,29215.845703125,4.0
18179,23290,19285.599609375,4.0
18178,37317,28747.166015625,2.0
18177,10536,12063.9619140625,3.0
18175,10140,11653.5478515625,1.0
18174,12106,9263.80078125,4.0
18173,15638,13782.9296875,1.0
18176,30282,22613.181640625,1.0
18190,16676,15201.6708984375,1.0
18189,22963,17277.18359375,4.0
18188,23313,17637.462890625,5.0
18187,26003,23902.0546875,2.0
18184,21198,25895.712890625,2.0
18185,11883,11289.8095703125,3.0
18183,11583,11587.5546875,2.0
18182,24000,26018.546875,5.0
18186,24896,29623.8203125,3.0
18198,18474,13945.7734375,5.0
18191,19315,16675.666015625,4.0
18192,15925,20844.763671875,3.0
18193,56841,54676.38671875,2.0
18194,12377,14731.6181640625,5.0
18195,25694,24212.662109375,5.0
18196,14676,14377.4033203125,3.0
18197,27081,27398.7578125,4.0
18199,13042,13243.0009765625,4.0
